0,1
train_test/Summer_1980_57_1002856823-i00006_6.jpg,0.11878172588832488
train_test/December_1999_218_1003063135-i00146_14.jpg,0.20204329758469886
train_test/October_1988_125_1003063059-i00047_0_11.jpg,0.190933426443203
train_test/September_1985_102_1003063036-i00075_17.jpg,0.1957433901218341
train_test/October_2005_271_1003063186-i00029_22.jpg,0.11317135549872123
train_test/August_2000_226_1003063143-i00006_3.jpg,0.09640755023340776
train_test/February_1992_148_1002796200-i00085_12.jpg,0.1310657596371882
train_test/January-February_2005_265_1003063181-i00141_1.jpg,0.11476288975714395
train_test/February_1997_193_1003063112-i00003_19.jpg,0.35100593163333943
train_test/April_1999_211_tcj211031_10.jpg,0.14620362572581003
train_test/July_2004_261_1003063177-i00075_18.jpg,0.15085638998682477
train_test/November_2009_300_1003063206-i00108_14.jpg,0.08141086001255493
train_test/June-July_2005_268_1003063184-i00185_9.jpg,0.09016023470999775
train_test/August_1992_152_1003063080-i00053_11.jpg,0.1192802417937724
train_test/November_2007_286_1003063200-i00125_7.jpg,0.0983974358974359
train_test/April_1985_97_1003063032-i00094_1.jpg,0.19861288353770182
train_test/July_2006_277_1003063192-i00131_1.jpg,0.24768108142332532
train_test/April_1990_135_1002798201-i00046_12.jpg,0.17703502960955536
train_test/September_2003_255_1003063171-i00089_8.jpg,0.12837123215230037
train_test/December_1997_200_1003063118-i00264_10.jpg,0.1487914314662035
train_test/February_2008_288_1003063202-i00128_16.jpg,0.3683601064353996
train_test/July_1997_197_1003063116-i00090_19.jpg,0.11678189817724702
train_test/January_1988_119_1003063053-i00071_10.jpg,0.06864449400857169
train_test/May_1985_98_1003063033-i00071_4.jpg,0.3023521505376344
train_test/September_1994_171_1002942944-i00108_14.jpg,0.12882303242997337
train_test/May_1986_108_1003063042-i00056_4.jpg,0.11391627606271214
train_test/August_1995_179_1003063100-i00098_17.jpg,0.1567747935014496
train_test/April_2006_275_1003063190-i00020_13.jpg,0.13157111684189646
train_test/May_1995_177_1003063098-i00037_12.jpg,0.17331322788668227
train_test/September_1987_117_1003063051-i00110_16.jpg,0.15111893755961553
train_test/October_2006_278_1003063193-i00195_11.jpg,0.10088448137228626
train_test/July_1982_73_1003063012-i00032_11.jpg,0.2956597222222222
train_test/May_2007_283_1003063197-i00005_2.jpg,0.2584239733629301
train_test/January_2006_273_1003063188-i00083_16.jpg,0.09817010309278351
train_test/October_1978_42_1003062998-i00005_3.jpg,0.15129904914959152
train_test/June_2001_234_1003063151-i00041_4.jpg,0.0966916354556804
train_test/April_1999_211_tcj211019_11.jpg,0.1917164044130946
train_test/May_1999_212_1003063129-i00101_11.jpg,0.12259281318244987
train_test/November_2005_272_1003063187-i00027_23.jpg,0.08551286864389104
train_test/July_1999_214_1003063131-i00025_12.jpg,0.09980062029242358
train_test/November_1999_217_1003063134-i00114_27.jpg,0.6498521196187972
train_test/May_1998_204_1003063121-i00095_3.jpg,0.12949293192454286
train_test/April_1999_211_tcj221048_3.jpg,0.14181903422409753
train_test/September_1998_207_1003063124-i00090_6.jpg,0.2177524844984286
train_test/September_1991_144_1002942898-i00088_14.jpg,0.1461931665321496
train_test/June_1998_205_205_060_8.jpg,0.11016192886812046
train_test/March_2001_231_1003063148-i00106_9.jpg,0.15584795321637426
train_test/May_1992_150_1003063078-i00139_5.jpg,0.15417068466730954
train_test/February_1997_193_1003063112-i00077_2.jpg,0.09269340107663461
train_test/April-May_2005_267_untitled-153_12.jpg,0.0971215117556581
train_test/October_2006_278_1003063193-i00021_13.jpg,0.11474820143884892
train_test/May_2006_276_1003063191-i00067_2.jpg,0.08875987743912273
train_test/April_1986_107_1003063041-i0005_8.jpg,0.1620677102293411
train_test/Winter_1980_53_1003063003-i00053_5.jpg,0.14573823940381928
train_test/July_1995_178_1003063099-i00013_1.jpg,0.11564155073794223
train_test/October_1983_85_1003063020-i00062_6.jpg,0.15385736712267326
train_test/October-November_2004_263_1003063179-i00192_7.jpg,0.11492137838742054
train_test/May_2006_276_1003063191-i00044_14.jpg,0.11066547831253713
train_test/July_1987_116_1003063050-i00008_7.jpg,0.14511198547215495
train_test/February_2009_296_1003063204-i00066_7.jpg,0.1728772317007611
train_test/February_1991_140_1003063072-i00073_7.jpg,0.1046929412415013
train_test/January_2000_219_1003063136-i00038_31.jpg,0.12373737373737374
train_test/November_2005_272_1003063187-i00177_1.jpg,0.16108420769437717
train_test/March_1993_157_1003063084-i00043_7.jpg,0.16130483689538808
train_test/November_2006_279_1003063194-i00027_4.jpg,0.11426810477657935
train_test/November_2009_300_1003063206-i00251_8.jpg,0.5063412962084058
train_test/August_1988_124_1003063058-i0021_8.jpg,0.16943503516576203
train_test/January_2000_219_1003063136-i00038_25.jpg,0.13008130081300814
train_test/February_1992_148_1002796200-i00063_18.jpg,0.1592738929476666
train_test/February-March_2005_266_1003063182-i00038_19.jpg,0.09140498304584992
train_test/October_1999_216_1003063133-i00095_1.jpg,0.12645348837209303
train_test/February_2006_274_1003063189-i00057_11.jpg,0.0739320035532585
train_test/July_2005_269_1002862992-i00044_13.jpg,0.13016745159602303
train_test/June_2000_224_1003063141-i00058_11.jpg,0.12092352092352092
train_test/May_1993_159_1003063086-i00012_17.jpg,0.22098972922502333
train_test/February_1992_148_1002796200-i00063_24.jpg,0.12468787319509282
train_test/March_1992_149_1003063077-i00079_13.jpg,0.17431296645044292
train_test/March_2003_251_054_10.jpg,0.25587606837606836
train_test/January_2000_219_1003063136-i00038_19.jpg,0.1157243816254417
train_test/October_1992_153_1003063081-i00123_8.jpg,0.14575659082701337
train_test/May_1998_204_1003063121-i00009_2.jpg,0.18804573804573804
train_test/August_1983_83_1003063018-i00080_3.jpg,0.10632600884466556
train_test/October_2005_271_1003063186-i00029_5.jpg,0.11634569473181601
train_test/July_1992_151_1003063079-i00102_15.jpg,0.3443647729362015
train_test/August_2001_236_1003063153-i00089_2.jpg,0.149278887182113
train_test/July_1979_47_1002856634-i00047_6.jpg,0.143628531559043
train_test/April_1999_211_tcj211003_4.jpg,0.14755832402891225
train_test/May_1985_98_1003063033-i00034_4.jpg,0.12733970529669456
train_test/August_2005_270_1003063185-i00098_3.jpg,0.10231023102310231
train_test/May_1986_108_1003063042-i00083_8.jpg,0.08070726093324963
train_test/June_2001_234_1003063151-i00008_9.jpg,0.10117494504799406
train_test/July_1995_178_1003063099-i00011_15.jpg,0.0911729609443029
train_test/June_2001_234_1003063151-i00102_7.jpg,0.14881415036867424
train_test/September_2003_255_1003063171-i00089_10.jpg,0.1325368157821617
train_test/September_1998_207_1003063124-i00106_9.jpg,0.10390573500329597
train_test/July_2006_277_1003063192-i00271_5.jpg,0.09005818365798128
train_test/June_1998_205_205_097_3.jpg,0.09787428273343766
train_test/January_1979_44_1003062999-i00046_14.jpg,0.16504578823885568
train_test/October_2008_292_1002796201-i00122_7.jpg,0.13220338983050847
train_test/February_1989_127_1003063061-i00044_4.jpg,0.31008275629116705
train_test/July_2008_291_1002798205-i00199_9.jpg,0.09626674004769767
train_test/July_2007_284_1003063198-i00135_9.jpg,0.132080700587518
train_test/May_1984_90_1003063025-i0077_5.jpg,0.2347156185520768
train_test/April-May_2005_267_untitled-044_7.jpg,0.10572760572760573
train_test/January_1979_44_1003062999-i00012_4.jpg,0.16505524861878454
train_test/December_1999_218_1003063135-i00029_14.jpg,0.13421059742224864
train_test/April-May_2005_267_untitled-041_12.jpg,0.0726148409893993
train_test/December_2003_257_1003063173-i00116_12.jpg,0.11938450654403962
train_test/August_1978_41_1002875040-i0040_6.jpg,0.13632119514472454
train_test/December_1990_139_1003063071-i00120_1.jpg,0.15646435703742295
train_test/August_1988_124_1003063058-i0021_12.jpg,0.17729868384890218
train_test/September_1985_102_1003063036-i00075_3.jpg,0.5062532569046378
train_test/February_1990_134_1003063067-i00042_2.jpg,0.6008489461358314
train_test/April_1977_33_1003062993-i00025_27.jpg,0.11280788177339901
train_test/October_2006_278_1003063193-i00195_7.jpg,0.09955057073539354
train_test/September_1995_180_tcj180-68_13.jpg,0.1909076706764568
train_test/April_2008_289_1003063203-i00207_4.jpg,0.0978831682096259
train_test/July_2004_261_1003063177-i00014_21.jpg,0.15570866141732284
train_test/March_2000_221_1003063138-i00015_6.jpg,0.425
train_test/Apr_2009_297_1002796204-i00032_1.jpg,0.09231434439520052
train_test/October_1988_125_1003063059-i00061_0_37.jpg,0.16014026884862653
train_test/August_1992_152_1003063080-i00069_10.jpg,0.13248685391817366
train_test/January_1989_126_1003063060-i00096_3.jpg,0.22383784974664023
train_test/August_2005_270_1003063185-i00156_10.jpg,0.11932223543400713
train_test/October_1988_125_1003063059-i00061_0_23.jpg,0.1742957746478873
train_test/August_1996_189_189-085_11.jpg,0.11496660046939881
train_test/November_2007_286_1003063200-i00177_9.jpg,0.09457070707070707
train_test/June_1980_56_1003063006-i00068_7.jpg,0.01913265306122449
train_test/October_2002_247_1003063164-i00020_11.jpg,0.8790302107133791
train_test/August_1996_189_189-085_5.jpg,0.16935310552331828
train_test/June_2003_253_1002856570-i00014_4.jpg,0.13615595491928115
train_test/October_1992_153_1003063081-i00029_6.jpg,0.15146110269785182
train_test/June_1999_213_1003063130-i00087_18.jpg,0.11768892339544514
train_test/April_2000_222_1003063139-i00001_2.jpg,0.3656310950125383
train_test/January_1988_119_1003063053-i00117_1.jpg,0.3644700713893465
train_test/April_2006_275_1003063190-i00096_14.jpg,0.10670720264234508
train_test/July_1996_188_188090_2.jpg,0.14607024058172816
train_test/November_2001_239_1003063156-i00046_9.jpg,0.17268146660716943
train_test/July_2004_261_1003063177-i00140_6.jpg,0.11004454482715352
train_test/February_1999_210_1003063127-i00028_4.jpg,0.12115732368896925
train_test/January_1994_165_1002942952-i00013_2.jpg,0.14165557625765238
train_test/January_1977_32_1003062992-i00016_9.jpg,0.12847383946592145
train_test/February_1991_140_1003063072-i00091_0.jpg,0.4815838686072038
train_test/May_2006_276_1003063191-i00163_3.jpg,0.11682620228347365
train_test/July_1996_188_188077_16.jpg,0.1896070031663252
train_test/July_2006_277_1003063192-i00172_7.jpg,0.10828329043942427
train_test/February_1995_174_1003063096-i00039_10.jpg,0.264461082395865
train_test/September_1995_180_tcj180-101_9.jpg,0.2107829423284441
train_test/February_2004_258_1003063174-i00013_9.jpg,0.09787862980351243
train_test/November_2002_248_1003063165-i00075_7.jpg,0.14390304847576213
train_test/January_1994_165_1002942952-i00046_28.jpg,0.13024691358024693
train_test/November_1994_172_1003063094-i00046_15.jpg,0.1428222872859551
train_test/January_2007_280_001-200-200_24.jpg,0.11596466983116024
train_test/September_1991_144_1002942898-i00013_1.jpg,0.17576609981673272
train_test/September_1987_117_1003063051-i00081_1.jpg,0.14220785428126984
train_test/April_2004_259_1003063175-i00096_2.jpg,0.1292684507224778
train_test/January_2007_280_001-200-200_18.jpg,0.10509768091795878
train_test/May_1999_212_1003063129-i00045_8.jpg,0.1855255800950517
train_test/December_2008_294_1002798204-i00113_11.jpg,0.24423795970757298
train_test/Summer_1980_57_1002856823-i00012_22.jpg,0.20866881374127752
train_test/April_1999_211_tcj211018_7.jpg,0.1868037232483143
train_test/July_1995_178_1003063099-i00011_3.jpg,0.18840014621664433
train_test/May_1993_159_1003063086-i00012_7.jpg,0.11021160878942268
train_test/November_2007_286_1003063200-i00116_9.jpg,0.08647243149543303
train_test/March_1998_202_1002798202-i00011_2.jpg,0.12263826863620748
train_test/February_1994_166_1003063091-i00020_1.jpg,0.15949764521193094
train_test/July_1996_188_188077_17.jpg,0.16487322772825935
train_test/January_1977_32_1003062992-i00016_8.jpg,0.13109829367940398
train_test/May_2006_276_1003063191-i00163_2.jpg,0.08691358024691358
train_test/July_1996_188_188090_3.jpg,0.15353089533417402
train_test/May_1998_204_1003063121-i00033_10.jpg,0.10272391505078486
train_test/July_2004_261_1003063177-i00140_7.jpg,0.10603460603460603
train_test/July_2008_291_1002798205-i00009_1.jpg,0.14071656665613924
train_test/July_1989_130_1003063063-i0076_1.jpg,0.45202813059955915
train_test/April_2000_222_1003063139-i00001_3.jpg,0.3203166648896471
train_test/April_1980_55_1003063005-i00035_2.jpg,0.3301169230769231
train_test/November_2005_272_1003063187-i00177_13.jpg,0.09838846480067855
train_test/January_1998_201_1003063119-i00037_6.jpg,0.1375293904865256
train_test/October_1993_162_1003063088-i00063_16.jpg,0.22054753608760577
train_test/August_1983_83_1003063018-i00079_6.jpg,0.14792966534316507
train_test/April_2006_275_1003063190-i00096_15.jpg,0.1088893718756792
train_test/September_1994_171_1002942944-i00108_4.jpg,0.14875157742924103
train_test/April-May_2005_267_untitled-056_23.jpg,0.07216312056737588
train_test/December_1991_147_1003063076-i00054_17.jpg,0.09924995639281353
train_test/November_2005_272_1003063187-i00027_9.jpg,0.08580402010050252
train_test/July_1991_143_1003063074-i00087_3.jpg,0.27955559368565547
train_test/October_1988_125_1003063059-i00085_8.jpg,0.16187084520417855
train_test/February_2007_281_1002856641-i00040_9.jpg,0.10730980012894907
train_test/January_2007_280_001-200-200_2.jpg,0.11723411723411724
train_test/February-March_2005_266_1003063182-i00023_14.jpg,0.08692185007974482
train_test/February_1992_148_1002796200-i00085_9.jpg,0.11982405581677537
train_test/February_2008_288_1003063202-i00147_16.jpg,0.3188472550728246
train_test/June_1993_160_1003063087-i00088_23.jpg,0.14196348780799184
train_test/November_1980_60_1002857616-i0100_4.jpg,0.2261801436906312
train_test/March_2003_251_091_4.jpg,0.15565809842143147
train_test/February-March_2005_266_1003063182-i00023_15.jpg,0.8135737501934684
train_test/January_2007_280_001-200-200_3.jpg,0.11964258670301378
train_test/July_2005_269_1002862992-i00010_6.jpg,0.28217405913978494
train_test/March_1993_157_1003063084-i00020_23.jpg,0.13243120102059414
train_test/December_1991_147_1003063076-i00054_16.jpg,0.16603901716261266
train_test/November_2005_272_1003063187-i00027_8.jpg,0.07243534746905259
train_test/February_1992_148_1002796200-i00085_8.jpg,0.1510037914102803
train_test/February_2007_281_1002856641-i00040_8.jpg,0.09805831547503084
train_test/September_1994_171_1002942944-i00108_5.jpg,0.1526409144659046
train_test/October_1993_162_1003063088-i00063_17.jpg,0.1521873790166473
train_test/May_1993_159_1003063086-i00093_3.jpg,0.1274928774928775
train_test/November_2005_272_1003063187-i00177_12.jpg,0.11091170136396267
train_test/April-May_2005_267_untitled-056_22.jpg,0.07731894841269842
train_test/March_1985_96_1003063031-i0033_2.jpg,0.10680075712674225
train_test/January_1998_201_1003063119-i00037_7.jpg,0.15765655577299412
train_test/October_2005_271_1003063186-i00086_10.jpg,0.11294846324646489
train_test/April-May_2005_267_untitled-041_13.jpg,0.10459137378259029
train_test/January_1979_44_1003062999-i00012_5.jpg,0.14270866645346977
train_test/April-May_2005_267_untitled-044_6.jpg,0.1188861317893576
train_test/November-December_2004_264_1003063180-i00099_1.jpg,0.27416120201184185
train_test/May_1984_90_1003063025-i0077_4.jpg,0.329898952327816
train_test/September_1985_102_1003063036-i00075_2.jpg,0.09844380971141535
train_test/November_2000_228_1003063145-i00047_16.jpg,0.13742690058479531
train_test/January_1993_155_1003063082-i00036_12.jpg,0.17575876504447932
train_test/October_2008_292_1002796201-i00122_6.jpg,0.12917769984971014
train_test/June_1998_205_205_097_2.jpg,0.09482702667618614
train_test/September_2003_255_1003063171-i00089_11.jpg,0.1290348547049827
train_test/July_2007_284_1003063198-i00135_8.jpg,0.14482873295643497
train_test/April_1999_211_tcj211018_6.jpg,0.1889647272206577
train_test/June_2001_234_1003063151-i00102_6.jpg,0.3338202649480845
train_test/Spring_1981_63_1003063009-i00160_1.jpg,0.16867132867132867
train_test/May_1993_159_1003063086-i00012_6.jpg,0.10138782819371658
train_test/July_2006_277_1003063192-i00271_4.jpg,0.09503210544102737
train_test/July_2006_277_1003063192-i00271_17.jpg,0.09320333814796983
train_test/January_2007_280_001-200-200_19.jpg,0.11302604045570798
train_test/January_1994_165_1002942952-i00046_15.jpg,0.11636033265776784
train_test/April_1988_121_1003063055-i00147_22.jpg,0.28757737734428096
train_test/July_1995_178_1003063099-i00011_2.jpg,0.41529898672755816
train_test/December_2008_294_1002798204-i00113_10.jpg,0.29573170731707316
train_test/January_1989_126_1003063060-i00133_2.jpg,0.12189181534975928
train_test/February_2004_258_1003063174-i00063_1.jpg,0.06543939801128729
train_test/January_2007_280_001-200-200_25.jpg,0.11959505833905285
train_test/January_1994_165_1002942952-i00046_29.jpg,0.1292037400090484
train_test/November_2002_248_1003063165-i00075_6.jpg,0.22732380568201463
train_test/November_1994_172_1003063094-i00046_14.jpg,0.37016129032258066
train_test/July_2006_277_1003063192-i00172_6.jpg,0.10922222222222222
train_test/June_1980_56_1003063006-i00035_12.jpg,0.38215542053086027
train_test/April_2008_289_1003063203-i00187_1.jpg,0.16772201375859913
train_test/November_1994_172_1003063094-i00046_1.jpg,0.13647857332978441
train_test/March_2000_221_1003063138-i00074_6.jpg,0.16127880403732622
train_test/November_2006_279_1003063194-i00027_5.jpg,0.09464720194647203
train_test/October_2005_271_1003063186-i00071_1.jpg,0.1016552716804606
train_test/Spring_1981_63_1003063009-i00105_4.jpg,0.16165054803352677
train_test/July_2005_269_1002862992-i00153_4.jpg,0.08861604163886294
train_test/February_2009_296_1003063204-i00066_6.jpg,0.12536295005807202
train_test/July_1987_116_1003063050-i00008_6.jpg,0.13742804814233386
train_test/July_1995_178_1003063099-i00013_11.jpg,0.1076388888888889
train_test/January_2008_287_1003063201-i00186_11.jpg,0.11055133079847909
train_test/October_1988_125_1003063059-i00036_0_7.jpg,0.24975801400671868
train_test/May_2006_276_1003063191-i00044_15.jpg,0.10484193677470989
train_test/February_1991_140_1003063072-i00073_6.jpg,0.1558777140172489
train_test/June_1999_213_1003063130-i00087_19.jpg,0.13015325670498085
train_test/October-November_2004_263_1003063179-i00192_6.jpg,0.11814843954891162
train_test/November_2008_293_1002796202-i00085_1.jpg,0.13193574114162016
train_test/January_1994_165_1002942952-i00049_4.jpg,0.1192785247226508
train_test/December_2008_294_1002798204-i00081_16.jpg,0.19981111939287166
train_test/October_1992_153_1003063081-i00029_7.jpg,0.17834189288334557
train_test/October_1988_125_1003063059-i00061_0_22.jpg,0.17824186498300146
train_test/December_1997_200_1003063118-i00264_1.jpg,0.16090176073720586
train_test/August_1992_152_1003063080-i00069_11.jpg,0.21058184143222505
train_test/June_2003_253_1002856570-i00014_5.jpg,0.15551998703324757
train_test/December_1997_200_1003063118-i00084_15.jpg,0.13935045317220543
train_test/June_1999_213_1003063130-i00087_25.jpg,0.1194579945799458
train_test/May_1986_108_1003063042-i00056_18.jpg,0.4109270040304523
train_test/November_2007_286_1003063200-i00177_8.jpg,0.09396597554492292
train_test/November_1982_77_1003063015-i00088_14.jpg,0.24120151371807
train_test/October_2001_238_1003063155-i00082_9.jpg,0.14252302992697247
train_test/August_2005_270_1003063185-i00156_11.jpg,0.08571819176084579
train_test/July_1981_64_1002798189-i0086_1.jpg,0.48621159693824056
train_test/October_2007_285_1003063199-i00139_9.jpg,0.4718473430673289
train_test/October_1988_125_1003063059-i00061_0_36.jpg,0.14370251315020455
train_test/October_1993_162_1003063088-i00005_1.jpg,0.29941330599225335
train_test/June_1978_40_1003062997-i00032_2.jpg,0.32451977401129944
train_test/July_2004_261_1003063177-i00014_20.jpg,0.15770081061164334
train_test/April_1977_33_1003062993-i00025_26.jpg,0.12155501377994488
train_test/April-May_2005_267_untitled-027_5.jpg,0.06930171277997364
train_test/August_1988_124_1003063058-i0021_13.jpg,0.15821172907488987
train_test/April-May_2005_267_untitled-146_1.jpg,0.08735014468788756
train_test/April_2008_289_1003063203-i00207_5.jpg,0.09171525753158406
train_test/December_2003_257_1003063173-i00116_13.jpg,0.12751164125789374
train_test/October_2006_278_1003063193-i00195_6.jpg,0.11587490439364324
train_test/November_1982_77_1003063015-i00036_8.jpg,0.13243345801485337
train_test/December_1999_218_1003063135-i00103_11.jpg,0.11978756884343036
train_test/July_1997_197_1003063116-i00090_24.jpg,0.11306213252820595
train_test/July_1995_178_1003063099-i00117_1.jpg,0.14207626184703548
train_test/January_2006_273_1003063188-i00083_17.jpg,0.07824700543722661
train_test/May_1986_108_1003063042-i00056_5.jpg,0.21498580922664692
train_test/February_2003_250_1003063167-i00133_1.jpg,0.13230571612074501
train_test/December_1997_200_1003063118-i00264_11.jpg,0.16269697189746568
train_test/April_2006_275_1003063190-i00020_12.jpg,0.13335568969371786
train_test/August_1995_179_1003063100-i00098_16.jpg,0.13337047353760445
train_test/May_1985_98_1003063033-i00034_5.jpg,0.11592694554488686
train_test/April_1999_211_tcj211003_5.jpg,0.14310781828816532
train_test/May_1998_204_1003063121-i00009_11.jpg,0.2719438238110437
train_test/July_1997_197_1003063116-i00090_18.jpg,0.11424984306340238
train_test/August_2001_236_1003063153-i00089_3.jpg,0.10814595173379458
train_test/April_1986_107_1003063041-i0074_0_0.jpg,0.16022254692593008
train_test/August_2005_270_1003063185-i00098_2.jpg,0.097079234347594
train_test/September_2003_255_1003063171-i00089_9.jpg,0.10783391561408223
train_test/May_1998_204_1003063121-i00009_3.jpg,0.3422147077114428
train_test/August_1983_83_1003063018-i00080_2.jpg,0.09892843617029176
train_test/October_2005_271_1003063186-i00029_4.jpg,0.11378320172290021
train_test/July_1979_47_1002856634-i00047_7.jpg,0.14531178880291307
train_test/July_1992_151_1003063079-i00102_14.jpg,0.19220306048093272
train_test/March_1992_149_1003063077-i00074_6.jpg,0.13758357211079275
train_test/October-November_2004_263_1003063179-i00045_14.jpg,0.08908805955529435
train_test/June_2000_224_1003063141-i00058_10.jpg,0.12226572574027618
train_test/April_2006_275_1003063190-i00084_15.jpg,0.13769928869266618
train_test/March_1992_149_1003063077-i00079_12.jpg,0.15426601551278368
train_test/August_1995_179_1003063100-i00098_4.jpg,0.16020533251608948
train_test/October_1992_153_1003063081-i00123_9.jpg,0.125
train_test/January_2000_219_1003063136-i00038_18.jpg,0.12368421052631579
train_test/July_2005_269_1002862992-i00044_12.jpg,0.13134708764528816
train_test/October-November_2004_263_1003063179-i00008_4.jpg,0.7137852513575057
train_test/February-March_2005_266_1003063182-i00038_18.jpg,0.08890735355213959
train_test/February_2006_274_1003063189-i00057_10.jpg,0.07285974499089254
train_test/July_2006_277_1003063192-i00251_1.jpg,0.05990615461710173
train_test/February_1992_148_1002796200-i00063_19.jpg,0.13757536137139537
train_test/August_1988_124_1003063058-i0021_9.jpg,0.17541185280273855
train_test/February_2009_296_1003063204-i00121_1.jpg,0.10070299825752568
train_test/January_2000_219_1003063136-i00038_24.jpg,0.11922411662960218
train_test/October_1999_216_1003063133-i00075_5.jpg,0.4735857935407173
train_test/February_1993_156_1003063083-i00024_4.jpg,0.19674171898679368
train_test/November_1986_112_1003063046-i00096_13.jpg,0.11032327586206897
train_test/July_1984_91_1003063026-i00096_3.jpg,0.37025390472725384
train_test/July_2004_261_1003063177-i00075_19.jpg,0.1356323515116166
train_test/April_1995_176_1002942927-i00114_14.jpg,0.18822684601373127
train_test/October_2005_271_1003063186-i00029_23.jpg,0.10031985173228111
train_test/February_1992_148_1002796200-i00085_13.jpg,0.14594642897035498
train_test/February_2006_274_1003063189-i00072_6.jpg,0.10011366865586814
train_test/July_2007_284_1003063198-i00135_17.jpg,0.1267432950191571
train_test/December_1999_218_1003063135-i00146_15.jpg,0.18214364804015648
train_test/June-July_2005_268_1003063184-i00185_8.jpg,0.08670374115267948
train_test/October_1981_67_1003064916-i0121_1.jpg,0.15560529388867264
train_test/March_2001_231_1003063148-i00106_8.jpg,0.1614227877385772
train_test/November_1998_208_1003063125-i00010_1.jpg,0.17342758454494336
train_test/February_1989_127_1003063061-i00019_10.jpg,0.1461486333860402
train_test/August_2000_226_1003063143-i00098_1.jpg,0.1503968124367223
train_test/December_2002_249_1003063166-i00046_1.jpg,0.15615762210831774
train_test/April_1999_211_tcj221048_2.jpg,0.13379204892966362
train_test/September_1998_207_1003063124-i00090_7.jpg,0.3754488103655681
train_test/May_1998_204_1003063121-i00095_2.jpg,0.1230784094812779
train_test/November_2005_272_1003063187-i00027_22.jpg,0.07175049576347575
train_test/June_1998_205_205_060_9.jpg,0.10512820512820513
train_test/April_1986_107_1003063041-i0005_9.jpg,0.15695977667808653
train_test/October_2006_278_1003063193-i00021_12.jpg,0.11354918772563177
train_test/April-May_2005_267_untitled-153_13.jpg,0.08352598681393955
train_test/August_1992_152_1003063080-i00069_3.jpg,0.07512668918918919
train_test/February_1997_193_1003063112-i00077_3.jpg,0.13702177129570917
train_test/July_1999_214_1003063131-i00025_13.jpg,0.07918470418470419
train_test/September_1991_144_1002942898-i00088_15.jpg,0.1913888888888889
train_test/January-February_2005_265_1003063181-i00098_4.jpg,0.11625276616670764
train_test/November_1999_217_1003063134-i00114_26.jpg,0.15393931667516572
train_test/January_2007_280_001-197-197_10.jpg,0.16377604469793972
train_test/June_2001_234_1003063151-i00041_5.jpg,0.08937115516062885
train_test/April_1998_203_1003063120-i00100_12.jpg,0.17063492063492064
train_test/April_1999_211_tcj211019_10.jpg,0.17988505747126438
train_test/October_2006_278_1003063193-i00195_10.jpg,0.09456380208333333
train_test/September_1987_117_1003063051-i00110_17.jpg,0.13399188224363048
train_test/June_1991_142_1002942914-i00076_6.jpg,0.14059636261102496
train_test/April_1994_167_1003063092-i00056_8.jpg,0.15934381306819234
train_test/August_1992_152_1003063080-i00069_1.jpg,0.24428691655337606
train_test/November_1999_217_1003063134-i00114_18.jpg,0.13428207306711978
train_test/April_1998_203_1003063120-i00100_10.jpg,0.7096600107933081
train_test/August_1996_189_189-061_21.jpg,0.15092265864522472
train_test/December_2002_249_1003063166-i00046_3.jpg,0.18951612903225806
train_test/May_2006_276_1003063191-i00067_1.jpg,0.07998737373737373
train_test/January_2000_219_1003063136-i00137_8.jpg,0.12189951240195039
train_test/October_2008_292_1002796201-i00113_9.jpg,0.09810874704491726
train_test/September_2003_255_1003063171-i00020_3.jpg,0.12505168645519524
train_test/January_1998_201_1003063119-i00031_2.jpg,0.3322962785688644
train_test/February_1999_210_1003063127-i00028_18.jpg,0.149458213974343
train_test/September_1991_144_1002942898-i00088_17.jpg,0.17172041629191828
train_test/May_1992_150_1003063078-i00139_6.jpg,0.12090558766859345
train_test/February_1997_193_1003063112-i00077_1.jpg,0.08286252354048965
train_test/October_2006_278_1003063193-i00021_10.jpg,0.11440028305224673
train_test/November_2005_272_1003063187-i00027_20.jpg,0.08016345171564208
train_test/August_1979_48_1002869344-i00096_12.jpg,0.12214890843923101
train_test/February_1992_148_1002796200-i00063_8.jpg,0.12035212192878728
train_test/November_2007_286_1003063200-i00125_4.jpg,0.10465494791666667
train_test/October_1988_125_1003063059-i00047_0_12.jpg,0.16732713460014303
train_test/December_1999_218_1003063135-i00146_17.jpg,0.19377394636015324
train_test/September_1985_102_1003063036-i00075_14.jpg,0.39136669593210416
train_test/February_1985_95_1003063030-i0050_6.jpg,0.08261245674740485
train_test/Summer_1980_57_1002856823-i00006_5.jpg,0.12122093023255814
train_test/Spring_1981_63_1003063009-i00228_11.jpg,0.32715874811463047
train_test/December_1990_139_1003063071-i00139_3.jpg,0.41739130434782606
train_test/September_1995_180_tcj180-68_3.jpg,0.1749801797040169
train_test/February_1992_148_1002796200-i00028_7.jpg,0.1339546783625731
train_test/May_1999_212_1003063129-i00050_7.jpg,0.14514840182648403
train_test/February_2006_274_1003063189-i00072_4.jpg,0.096824686940966
train_test/October_2005_271_1003063186-i00029_21.jpg,0.11444179857122846
train_test/February_1992_148_1002796200-i00085_11.jpg,0.13282682735132303
train_test/April_1995_176_1002942927-i00114_16.jpg,0.18549834671705243
train_test/December_1990_139_1003063071-i00139_1.jpg,0.19832800590115565
train_test/April_1999_211_tcj211031_11.jpg,0.14958483393357344
train_test/June_2000_224_1003063141-i00058_12.jpg,0.12618857193637253
train_test/November_1999_217_1003063134-i00040_3.jpg,0.16044520547945204
train_test/November_2006_279_1003063194-i00027_7.jpg,0.07924963924963925
train_test/February-March_2005_266_1003063182-i00072_8.jpg,0.10540201005025125
train_test/April_2006_275_1003063190-i00084_17.jpg,0.13936501753019087
train_test/January_2008_287_1003063201-i00072_9.jpg,0.11131725417439703
train_test/March_1992_149_1003063077-i00079_10.jpg,0.20971052445325217
train_test/August_2001_236_1003063153-i00089_1.jpg,0.07771220750703356
train_test/February_2004_258_1003063174-i00004_4.jpg,0.757756391296764
train_test/May_1985_98_1003063033-i00071_7.jpg,0.28387799564270155
train_test/February_2007_281_1002856641-i00045_14.jpg,0.25318185775224167
train_test/July_2005_269_1002862992-i00044_10.jpg,0.12294871794871795
train_test/April_1999_211_tcj211003_7.jpg,0.15313914027149322
train_test/July_1979_47_1002856634-i00047_5.jpg,0.1481851481851482
train_test/March_1992_149_1003063077-i00074_4.jpg,0.5503313712268936
train_test/November_2007_286_1003063200-i00060_1.jpg,0.11432794296644062
train_test/October_2005_271_1003063186-i00029_6.jpg,0.11556333415213298
train_test/May_1998_204_1003063121-i00009_1.jpg,0.12037019584189396
train_test/March_2000_221_1003063138-i00045_9.jpg,0.2820903361344538
train_test/November-December_2004_264_1003063180-i00103_1.jpg,0.30658971710108074
train_test/November-December_2004_264_1003063180-i00136_8.jpg,0.09806949806949807
train_test/January_2006_273_1003063188-i00083_15.jpg,0.10160867938645717
train_test/July_1982_73_1003063012-i00032_12.jpg,0.31783088235294116
train_test/June_1997_196_1003063115-i00097_4.jpg,0.11270715716627208
train_test/May_2007_283_1003063197-i00005_1.jpg,0.4112583617316673
train_test/October_2006_278_1003063193-i00195_12.jpg,0.11782786885245902
train_test/July_1995_178_1003063099-i00117_3.jpg,0.1343720152817574
train_test/December_1999_218_1003063135-i00103_13.jpg,0.22451156555717178
train_test/September_1987_117_1003063051-i00110_15.jpg,0.12039312039312039
train_test/November_2005_272_1003063187-i00043_15.jpg,0.26125701459034795
train_test/December_1997_200_1003063118-i00264_13.jpg,0.20978806408486203
train_test/February_2003_250_1003063167-i00133_3.jpg,0.13638418885795198
train_test/April_2006_275_1003063190-i00020_10.jpg,0.13972725240330874
train_test/November_1999_217_1003063134-i00122_19.jpg,0.14599577647823261
train_test/October_1997_199_1003063117-i00002_23.jpg,0.6607016509433963
train_test/September_1994_171_1002942944-i00108_17.jpg,0.13549347702779355
train_test/January-February_2005_265_1003063181-i00098_6.jpg,0.11936774709883953
train_test/July_2006_277_1003063192-i00266_8.jpg,0.09316037735849056
train_test/July_1986_109_1003063043-i00081_0_8.jpg,0.10300485255692422
train_test/April-May_2005_267_untitled-041_11.jpg,0.10878394058946392
train_test/December_2003_257_1003063173-i00116_11.jpg,0.12936197916666667
train_test/August_1992_152_1003063080-i00069_13.jpg,0.09513742071881606
train_test/June-July_2005_268_1003063184-i00151_21.jpg,0.32973232858432433
train_test/October_1997_199_1003063117-i00064_13.jpg,0.1606679035250464
train_test/December_1997_200_1003063118-i00084_17.jpg,0.13787049889768924
train_test/October_1988_125_1003063059-i00061_0_20.jpg,0.18831747919143876
train_test/July_1981_64_1002798189-i0086_3.jpg,0.2808658008658009
train_test/July_1992_151_1003063079-i00102_3.jpg,0.18483757139219323
train_test/March_2000_221_1003063138-i00015_5.jpg,0.4289315726290516
train_test/October_1993_162_1003063088-i00005_3.jpg,0.21903796752374444
train_test/December_1996_192_192-048_8.jpg,0.10374215045495322
train_test/December_2008_294_1002798204-i00081_14.jpg,0.26773500097713504
train_test/January_1994_165_1002942952-i00049_6.jpg,0.12479744136460555
train_test/February_1991_140_1003063072-i00073_4.jpg,0.1509464142895228
train_test/May_2006_276_1003063191-i00044_17.jpg,0.10823585017133404
train_test/August_1996_189_189-085_6.jpg,0.14976681430205613
train_test/August_1985_101_1003063035-i00068_14.jpg,0.2987481754711419
train_test/October_2005_271_1003063186-i00035_18.jpg,0.10606232187682842
train_test/July_2004_261_1003063177-i00109_8.jpg,0.12316715542521994
train_test/October-November_2004_263_1003063179-i00192_4.jpg,0.12068419385492556
train_test/July_1995_178_1003063099-i00013_2.jpg,0.1250988087156262
train_test/January_2008_287_1003063201-i00172_19.jpg,0.1134433962264151
train_test/February_1993_156_1003063083-i00024_6.jpg,0.17593756547244918
train_test/October_2007_285_1003063199-i00167_8.jpg,0.14408973252804141
train_test/October_1999_216_1003063133-i00075_7.jpg,0.544146908637595
train_test/January_2000_219_1003063136-i00038_26.jpg,0.0909818405663281
train_test/February_2006_274_1003063189-i00057_12.jpg,0.06253229974160207
train_test/October-November_2004_263_1003063179-i00008_6.jpg,0.1669514341928135
train_test/February_2007_281_1002856641-i00103_8.jpg,0.08653467942834667
train_test/July_2006_277_1003063192-i00251_3.jpg,0.07662835249042145
train_test/February_1996_184_1003063104-i00061_3.jpg,0.16378703263949165
train_test/October_1988_125_1003063059-i00036_0_5.jpg,0.2612585199610516
train_test/January_2008_287_1003063201-i00186_13.jpg,0.12235198261814231
train_test/January_2000_219_1003063136-i00038_32.jpg,0.1188025457688379
train_test/October_2005_271_1003063186-i00071_3.jpg,0.0976972244111724
train_test/July_2005_269_1002862992-i00153_6.jpg,0.07495694733979878
train_test/February_1991_140_1003063072-i00091_3.jpg,0.1764819837272375
train_test/July_1996_188_188077_15.jpg,0.19296932558384303
train_test/July_1995_178_1003063099-i00011_0.jpg,0.35057801622277573
train_test/February_1994_166_1003063091-i00020_3.jpg,0.15535509736540665
train_test/Summer_1980_57_1002856823-i00012_21.jpg,0.11077436912419594
train_test/July_2006_277_1003063192-i00271_15.jpg,0.09727909126931714
train_test/April_2006_275_1003063190-i00084_2.jpg,0.13119923554706164
train_test/August_2001_236_1003063153-i00058_9.jpg,0.12130991931656383
train_test/April_2004_259_1003063175-i00096_1.jpg,0.13308377436427005
train_test/February_2003_250_1003063167-i00154_4.jpg,0.5160574445833227
train_test/July_2006_277_1003063192-i00271_6.jpg,0.09936342592592592
train_test/October_2005_271_1003063186-i00198_13.jpg,0.08490775727939542
train_test/November_2005_272_1003063187-i00060_9.jpg,0.09759920798613976
train_test/December_1999_218_1003063135-i00029_17.jpg,0.12412400032978811
train_test/September_2003_255_1003063171-i00089_13.jpg,0.1350443429185703
train_test/October_2008_292_1002796201-i00122_4.jpg,0.11524482584553256
train_test/March_1993_157_1003063084-i00056_8.jpg,0.12919405399939327
train_test/April_1999_211_tcj211018_4.jpg,0.18436968436968437
train_test/January-February_2005_265_1003063181-i00021_19.jpg,0.11455017097040443
train_test/May_1993_159_1003063086-i00012_4.jpg,0.12815546772068512
train_test/October_2002_247_1003063164-i00020_9.jpg,0.14845735736910023
train_test/July_1995_178_1003063099-i00011_16.jpg,0.3737589449627215
train_test/Spring_1981_63_1003063009-i00160_3.jpg,0.16342562198628122
train_test/October_2006_278_1003063193-i00195_4.jpg,0.11256720430107527
train_test/February_1990_134_1003063067-i00042_1.jpg,0.2497005988023952
train_test/April-May_2005_267_untitled-027_7.jpg,0.06516768292682927
train_test/July_2004_261_1003063177-i00014_22.jpg,0.24391839503779802
train_test/August_1988_124_1003063058-i0021_11.jpg,0.15591787439613528
train_test/February_2007_281_1002856641-i00040_18.jpg,0.08992061903808952
train_test/April_1977_33_1003062993-i00025_24.jpg,0.10163018695850433
train_test/August_1978_41_1002875040-i0040_5.jpg,0.12012310606060606
train_test/November_1998_208_1003063125-i00010_18.jpg,0.16635220125786163
train_test/March_1982_71_1002798182-i0072_18.jpg,0.11024619281500016
train_test/September_1995_180_tcj180-68_10.jpg,0.15347098507637044
train_test/December_1990_139_1003063071-i00120_2.jpg,0.17408044564594086
train_test/November_2000_228_1003063145-i00047_14.jpg,0.13532969561501546
train_test/June_1980_56_1003063006-i00075_1.jpg,0.14919165196942974
train_test/August_2005_270_1003063185-i00100_1.jpg,0.29800757853563137
train_test/March_2003_251_091_7.jpg,0.5389668911867944
train_test/March_1993_157_1003063084-i00020_21.jpg,0.21138872251219304
train_test/January_2007_280_001-200-200_1.jpg,0.10518006485748421
train_test/April_1999_211_tcj221088_1.jpg,0.2573130991625933
train_test/October_2005_271_1003063186-i00142_8.jpg,0.11031320775562062
train_test/August-September_2004_262_1003063178-i00095_1.jpg,0.10120549481356883
train_test/June_1993_160_1003063087-i00088_20.jpg,0.15187777526906
train_test/July_2005_269_1002862992-i00010_4.jpg,0.19819635171141628
train_test/March_2003_251_091_10.jpg,0.536274678111588
train_test/April-May_2005_267_untitled-056_20.jpg,0.11567164179104478
train_test/March_2003_251_091_11.jpg,0.5159777039191248
train_test/March_1997_194_194052_9.jpg,0.16029143897996356
train_test/March_2003_251_091_6.jpg,0.6228110599078341
train_test/March_1985_96_1003063031-i0033_1.jpg,0.16064997999377584
train_test/June_1993_160_1003063087-i00088_21.jpg,0.17565230468456275
train_test/July_1991_143_1003063074-i00087_1.jpg,0.21029838217338218
train_test/October_2005_271_1003063186-i00086_8.jpg,0.10508830215072565
train_test/May_1998_204_1003063121-i00033_12.jpg,0.10342947338212082
train_test/April_1980_55_1003063005-i00035_0.jpg,0.05680871084823229
train_test/January_1994_165_1002942952-i00013_1.jpg,0.1397406559877956
train_test/July_2008_291_1002798205-i00009_3.jpg,0.14418112008473455
train_test/Winter_1981_61_1003063008-i0128_4.jpg,0.16825013331592065
train_test/April_2006_275_1003063190-i00096_17.jpg,0.11081441922563418
train_test/September_1994_171_1002942944-i00108_6.jpg,0.15614617940199335
train_test/October_2005_271_1003063186-i00086_13.jpg,0.09309426871280926
train_test/October_1993_162_1003063088-i00063_14.jpg,0.17697653223969012
train_test/April_2008_289_1003063203-i00187_3.jpg,0.088
train_test/November_2005_272_1003063187-i00177_11.jpg,0.10958144691859928
train_test/November_1994_172_1003063094-i00046_16.jpg,0.30673530673530675
train_test/October-November_2004_263_1003063179-i00072_4.jpg,0.10947341899722852
train_test/June_1980_56_1003063006-i00035_10.jpg,0.15630434782608696
train_test/July_2001_235_1003063152-i00055_10.jpg,0.08491190089602502
train_test/July_2006_277_1003063192-i00172_4.jpg,0.1022940074906367
train_test/December_1983_87_1003063022-i0052_12.jpg,0.10950194733176859
train_test/June_1999_213_1003063130-i00087_8.jpg,0.12617604617604616
train_test/November_2006_279_1003063194-i00014_9.jpg,0.09829971357182034
train_test/December_2003_257_1003063173-i00020_11.jpg,0.12815330488809043
train_test/December_2008_294_1002798204-i00113_13.jpg,0.37490460157126826
train_test/April_1991_141_1003063073-i00042_3.jpg,0.12527707712298403
train_test/December_1999_218_1003063135-i00094_18.jpg,0.10811011904761905
train_test/November_2005_272_1003063187-i00060_8.jpg,0.11179368651541877
train_test/April_1988_121_1003063055-i00147_21.jpg,0.45495770633201915
train_test/July_2006_277_1003063192-i00271_14.jpg,0.10070386702849389
train_test/January_1994_165_1002942952-i00046_16.jpg,0.11488721804511279
train_test/August_2001_236_1003063153-i00058_8.jpg,0.1190572003449267
train_test/April_2006_275_1003063190-i00084_3.jpg,0.1448739668360799
train_test/June_1985_99_1002856824-i00086_14.jpg,0.2082450554523181
train_test/July_1982_73_1003063012-i00032_8.jpg,0.14464975179260894
train_test/June_1999_213_1003063130-i00087_9.jpg,0.10995575221238937
train_test/February_1991_140_1003063072-i00091_2.jpg,0.16746087479935795
train_test/April_2008_289_1003063203-i00187_2.jpg,0.11693873968755486
train_test/February_1994_166_1003063091-i00020_2.jpg,0.15922976446298404
train_test/November_1994_172_1003063094-i00046_2.jpg,0.1287662954329621
train_test/August_2005_270_1003063185-i00098_19.jpg,0.09356857764876633
train_test/October-November_2004_263_1003063179-i00072_5.jpg,0.0991273040347513
train_test/March_1998_202_1002798202-i00011_1.jpg,0.12475810353168844
train_test/March_2000_221_1003063138-i00074_5.jpg,0.1624418779061047
train_test/December_1983_87_1003063022-i0052_13.jpg,0.06964080459770115
train_test/May_2002_243_1003063160-i00020_8.jpg,0.15651419082125603
train_test/November_2002_248_1003063165-i00075_5.jpg,0.1431297709923664
train_test/November_1981_68_1002798188-i0064_6.jpg,0.06347685415629667
train_test/August_1983_83_1003063018-i00079_5.jpg,0.1417890520694259
train_test/July_2006_277_1003063192-i00172_5.jpg,0.10474688413602093
train_test/September_1994_171_1002942944-i00108_7.jpg,0.14986392874814447
train_test/October_1993_162_1003063088-i00063_15.jpg,0.13007518796992482
train_test/January_1998_201_1003063119-i00037_5.jpg,0.1555607151149292
train_test/November_2005_272_1003063187-i00177_10.jpg,0.12015208050655812
train_test/October_1997_199_1003063117-i00007_12.jpg,0.42403288201160544
train_test/June_2003_253_1002856570-i00030_10.jpg,0.6976810155308134
train_test/October_2005_271_1003063186-i00086_12.jpg,0.12122338942084224
train_test/May_1998_204_1003063121-i00033_13.jpg,0.1853316326530612
train_test/October_2005_271_1003063186-i00086_9.jpg,0.10083136726210538
train_test/April_2000_222_1003063139-i00001_0.jpg,0.17925540064348092
train_test/May_2006_276_1003063191-i00163_1.jpg,0.2220760651987418
train_test/July_2004_261_1003063177-i00140_4.jpg,0.10430839002267574
train_test/July_2008_291_1002798205-i00009_2.jpg,0.14083297552597682
train_test/March_1998_202_1002798202-i00056_3.jpg,0.1514448924731183
train_test/August_1996_189_189-006_1.jpg,0.11242312680416684
train_test/October_1988_125_1003063059-i00061_0_21.jpg,0.1698870392390012
train_test/August_1978_41_1002875040-i0040_4.jpg,0.07689498669727164
train_test/June_1999_213_1003063130-i00087_26.jpg,0.1258858858858859
train_test/September_1985_102_1003063036-i00075_1.jpg,0.10470383275261325
train_test/December_1997_200_1003063118-i00084_16.jpg,0.14462073646699475
train_test/November_2000_228_1003063145-i00047_15.jpg,0.1375631313131313
train_test/April_1977_33_1003062993-i00025_31.jpg,0.09285974688818291
train_test/September_1995_180_tcj180-71_3.jpg,0.26454923875235214
train_test/December_2003_257_1003063173-i00116_10.jpg,0.12251030219780219
train_test/February_2008_288_1003063202-i00128_7.jpg,0.5116249604054482
train_test/May_1984_90_1003063025-i0097_2.jpg,0.10329674271775004
train_test/December_1987_118_1003063052-i00083_2.jpg,0.18063220805901853
train_test/April-May_2005_267_untitled-044_5.jpg,0.12650133451957296
train_test/October_2006_278_1003063193-i00195_5.jpg,0.10209059233449477
train_test/January_1979_44_1003062999-i00012_6.jpg,0.17738435179897202
train_test/December_1996_192_192-061_10.jpg,0.3643872000582146
train_test/April_2008_289_1003063203-i00207_6.jpg,0.08562894125456356
train_test/September_1995_180_tcj180-68_11.jpg,0.32379603399433426
train_test/June-July_2005_268_1003063184-i00158_10.jpg,0.37894038810554237
train_test/June_1978_40_1003062997-i00032_1.jpg,0.13894736842105262
train_test/April-May_2005_267_untitled-027_6.jpg,0.06854395604395605
train_test/March_1982_71_1002798182-i0072_19.jpg,0.11196935844238749
train_test/August_1988_124_1003063058-i0021_10.jpg,0.1525258882087076
train_test/February_2007_281_1002856641-i00040_19.jpg,0.10335997516877474
train_test/April_1977_33_1003062993-i00025_25.jpg,0.08995173321632295
train_test/December_1997_200_1003063118-i00176_8.jpg,0.13244997489779817
train_test/June_1980_56_1003063006-i00058_14.jpg,0.4112767154105737
train_test/March_1993_157_1003063084-i00056_9.jpg,0.12050119968008531
train_test/October_2002_247_1003063164-i00020_8.jpg,0.2759726112667289
train_test/May_1984_90_1003063025-i0077_7.jpg,0.30942885955262195
train_test/April_1999_211_tcj211018_5.jpg,0.17735553919764446
train_test/Spring_1981_63_1003063009-i00160_2.jpg,0.17002081887578072
train_test/February_1997_193_1003063112-i00037_23.jpg,0.1008706234787493
train_test/May_1993_159_1003063086-i00012_5.jpg,0.13210445468509985
train_test/December_1999_218_1003063135-i00029_16.jpg,0.11552318599155464
train_test/July_2006_277_1003063192-i00271_7.jpg,0.09842327906678631
train_test/April_1977_33_1003062993-i00025_19.jpg,0.06105610561056106
train_test/October_2008_292_1002796201-i00122_5.jpg,0.11342397803268524
train_test/April_1999_211_tcj211003_6.jpg,0.1472879129129129
train_test/May_1985_98_1003063033-i00071_6.jpg,0.13407696597880647
train_test/October_1999_216_1003063133-i00095_3.jpg,0.12870596442274154
train_test/February_1990_134_1003063067-i00103_1.jpg,0.6511533242876526
train_test/March_1992_149_1003063077-i00079_11.jpg,0.1729954367666232
train_test/January_2008_287_1003063201-i00072_8.jpg,0.12550977944236372
train_test/April_2006_275_1003063190-i00084_16.jpg,0.13177149289432954
train_test/June_2000_224_1003063141-i00058_13.jpg,0.1198802693938638
train_test/October_1988_125_1003063059-i00036_0_4.jpg,0.1955490578297596
train_test/August_1995_179_1003063100-i00098_7.jpg,0.14499550301940126
train_test/October_2005_271_1003063186-i00071_2.jpg,0.11009361841298393
train_test/January_2008_287_1003063201-i00186_12.jpg,0.12090227109238516
train_test/November_2006_279_1003063194-i00027_6.jpg,0.10956011730205278
train_test/July_1995_178_1003063099-i00013_12.jpg,0.1288881069669247
train_test/January_2000_219_1003063136-i00038_33.jpg,0.1965354511970534
train_test/July_1987_116_1003063050-i00008_5.jpg,0.1420224076622054
train_test/October_1999_216_1003063133-i00075_6.jpg,0.6534884028632292
train_test/October-November_2004_263_1003063179-i00008_7.jpg,0.11802507836990596
train_test/February_2009_296_1003063204-i00066_5.jpg,0.14804324052992954
train_test/February_2006_274_1003063189-i00057_13.jpg,0.07398893146019583
train_test/July_2006_277_1003063192-i00251_2.jpg,0.08265493215988265
train_test/February_2009_296_1003063204-i00121_2.jpg,0.09761717727153706
train_test/February_2007_281_1002856641-i00103_9.jpg,0.09196472925981122
train_test/October_1992_153_1003063081-i00029_4.jpg,0.13880837949884434
train_test/January_2008_287_1003063201-i00172_18.jpg,0.11688311688311688
train_test/February_1991_140_1003063072-i00073_5.jpg,0.15559663437021928
train_test/December_1986_113_1003063047-i00070_14.jpg,0.1048965808357957
train_test/November_2008_293_1002796202-i00085_2.jpg,0.1174038025114731
train_test/January_1994_165_1002942952-i00049_7.jpg,0.11754673215991268
train_test/October_2005_271_1003063186-i00035_19.jpg,0.09523809523809523
train_test/October-November_2004_263_1003063179-i00192_5.jpg,0.11983805668016194
train_test/May_1989_129_1002942958-i00074_3.jpg,0.153246826436733
train_test/July_1995_178_1003063099-i00013_3.jpg,0.2090448156139837
train_test/August_2005_270_1003063185-i00156_12.jpg,0.13809312183782305
train_test/July_1992_151_1003063079-i00102_2.jpg,0.19834494591258134
train_test/July_1981_64_1002798189-i0086_2.jpg,0.1640215716486903
train_test/October_1993_162_1003063088-i00005_2.jpg,0.41323214901690236
train_test/October_1988_125_1003063059-i00061_0_35.jpg,0.17624521072796934
train_test/December_1996_192_192-048_9.jpg,0.12664141414141414
train_test/May_1992_150_1003063078-i00139_7.jpg,0.16395590494262222
train_test/Winter_1980_53_1003063003-i00030_4.jpg,0.17594619956208946
train_test/February_1999_210_1003063127-i00028_19.jpg,0.15629149418105132
train_test/February_1992_148_1002796200-i00063_9.jpg,0.13443453098625513
train_test/May_1998_204_1003063121-i00095_1.jpg,0.13054477989542926
train_test/September_2003_255_1003063171-i00020_2.jpg,0.11141646627733882
train_test/August_1992_152_1003063080-i00053_13.jpg,0.1295858919855141
train_test/November_2005_272_1003063187-i00027_21.jpg,0.07238333930063254
train_test/November_1999_217_1003063134-i00114_19.jpg,0.14152458611317026
train_test/Winter_1980_53_1003063003-i00053_7.jpg,0.12698081734778982
train_test/April_1999_211_tcj211019_13.jpg,0.20157607895124466
train_test/August_2000_226_1003063143-i00098_2.jpg,0.1267605633802817
train_test/October_2008_292_1002796201-i00113_8.jpg,0.10735705717712915
train_test/February_2007_281_1002856641-i00182_12.jpg,0.24877489312897508
train_test/October_1997_199_1003063117-i00002_22.jpg,0.2973705611276769
train_test/July_2006_277_1003063192-i00266_9.jpg,0.09949699423383634
train_test/November_1999_217_1003063134-i00114_25.jpg,0.129210042865891
train_test/August_1979_48_1002869344-i00139_2.jpg,0.1838870936559229
train_test/June_2001_234_1003063151-i00041_6.jpg,0.1353620644671616
train_test/August_1996_189_189-061_20.jpg,0.2536729791631752
train_test/January-February_2005_265_1003063181-i00098_7.jpg,0.11858589897374383
train_test/May_1999_212_1003063129-i00101_13.jpg,0.22942773600668337
train_test/January_2000_219_1003063136-i00137_9.jpg,0.12039231174302265
train_test/May_2007_283_1003063197-i00005_0.jpg,0.23819536090545104
train_test/December_1997_200_1003063118-i00264_12.jpg,0.1505347272290315
train_test/September_1994_171_1002942944-i00108_16.jpg,0.15300059417706477
train_test/April_2006_275_1003063190-i00020_11.jpg,0.1331792840375587
train_test/November_1999_217_1003063134-i00122_18.jpg,0.15104824450618842
train_test/February_2003_250_1003063167-i00133_2.jpg,0.13524302850911357
train_test/August_2009_299_1003063205-i00067_2.jpg,0.0978232362968791
train_test/July_1995_178_1003063099-i00117_2.jpg,0.13790235081374322
train_test/July_1979_47_1002856634-i00047_4.jpg,0.1636181332036947
train_test/May_1995_177_1003063098-i00088_8.jpg,0.2186660596403369
train_test/May_1994_168_1002942919-i00070_8.jpg,0.16898850900836998
train_test/September_1987_117_1003063051-i00110_14.jpg,0.14133550919595994
train_test/October_2005_271_1003063186-i00029_7.jpg,0.1113982199253517
train_test/August_1983_83_1003063018-i00080_1.jpg,0.10177404295051354
train_test/November-December_2004_264_1003063180-i00136_9.jpg,0.0954356846473029
train_test/November_2009_300_1003063206-i00108_12.jpg,0.15133538712223438
train_test/April_1999_211_tcj211019_17.jpg,0.19673539518900343
train_test/October_2008_292_1002796201-i00037_8.jpg,0.11657059712350999
train_test/January-February_2005_265_1003063181-i00098_3.jpg,0.1124252170003804
train_test/August_1996_189_189-105_0_13.jpg,0.22428563532858012
train_test/July_1999_214_1003063131-i00025_14.jpg,0.11087570621468927
train_test/October_1978_42_1003062998-i00005_5.jpg,0.115949471089658
train_test/May_1984_90_1003063025-i0063_11.jpg,0.5013702263083452
train_test/December_1981_69_1003063010-i00058_8.jpg,0.0971906709071634
train_test/February_1999_210_1003063127-i00028_21.jpg,0.134152585765489
train_test/October_2005_271_1003063186-i00029_24.jpg,0.11358635863586358
train_test/November_2002_248_1003063165-i00075_10.jpg,0.1390257664096295
train_test/September_1995_180_tcj180-68_6.jpg,0.14162971175166297
train_test/April_1999_211_tcj211031_16.jpg,0.14618135914159477
train_test/December_1990_139_1003063071-i00139_6.jpg,0.33685645147831894
train_test/February_1992_148_1002796200-i00085_14.jpg,0.1296127082308287
train_test/April_1995_176_1002942927-i00114_13.jpg,0.1904770116924775
train_test/September_1985_102_1003063036-i00075_11.jpg,0.28846456692913386
train_test/July_2007_284_1003063198-i00135_10.jpg,0.11771621345328154
train_test/April_1988_121_1003063055-i00119_11.jpg,0.11371803218183403
train_test/November_2007_286_1003063200-i00125_1.jpg,0.10810530679933665
train_test/March_1993_157_1003063084-i00056_10.jpg,0.21891532997491728
train_test/February_2006_274_1003063189-i00072_1.jpg,0.07541179279064215
train_test/August_2000_226_1003063143-i00006_5.jpg,0.09356984478935698
train_test/February_1985_95_1003063030-i0050_3.jpg,0.07650029708853238
train_test/December_1990_139_1003063071-i00139_2.jpg,0.5556061295706266
train_test/October_2005_271_1003063186-i00029_18.jpg,0.10643225602695021
train_test/July_2006_277_1003063192-i00131_7.jpg,0.31273507943323314
train_test/February_1997_193_1003063112-i00081_20.jpg,0.6660849598163031
train_test/February_2006_274_1003063189-i00072_5.jpg,0.09531116794543905
train_test/September_1995_180_tcj180-68_2.jpg,0.13130312353339937
train_test/February_1992_148_1002796200-i00028_6.jpg,0.13552350427350426
train_test/April_1995_176_1002942927-i00114_17.jpg,0.2034403925504628
train_test/October_1999_216_1003063133-i00020_18.jpg,0.6845335248416792
train_test/February_1985_95_1003063030-i0050_7.jpg,0.10141076535621292
train_test/August_1979_48_1002869344-i00096_13.jpg,0.1338757396449704
train_test/September_1985_102_1003063036-i00075_15.jpg,0.3832265579499126
train_test/October_2006_278_1003063193-i00021_11.jpg,0.10375135918811164
train_test/November_2007_286_1003063200-i00125_5.jpg,0.0997639297610193
train_test/December_1999_218_1003063135-i00146_16.jpg,0.17511285859909714
train_test/April-May_2005_267_untitled-153_10.jpg,0.09522684310018903
train_test/October_2005_271_1003063186-i00071_6.jpg,0.10897435897435898
train_test/November_2005_272_1003063187-i00177_7.jpg,0.11186213615881135
train_test/July_2005_269_1002862992-i00153_3.jpg,0.08573354577766883
train_test/February_2009_296_1003063204-i00066_1.jpg,0.12966347704547898
train_test/November_1999_217_1003063134-i00040_6.jpg,0.15938057331767366
train_test/Spring_1981_63_1003063009-i00105_3.jpg,0.17590792267292435
train_test/October_1988_125_1003063059-i00036_0_0.jpg,0.27295743980555487
train_test/August_2009_299_1003063205-i00088_10.jpg,0.12668138235497
train_test/November_2000_228_1003063145-i00047_3.jpg,0.16615936147186147
train_test/October-November_2004_263_1003063179-i00192_11.jpg,0.3179338312521881
train_test/October_2006_278_1003063193-i00195_17.jpg,0.1057193847199796
train_test/January_1989_126_1003063060-i00137_1.jpg,0.21347741622146674
train_test/June_1997_196_1003063115-i00097_1.jpg,0.1173497143893372
train_test/January_2006_273_1003063188-i00083_10.jpg,0.11153893167094488
train_test/May_1986_108_1003063042-i00056_2.jpg,0.14119335560679497
train_test/September_1994_171_1002942944-i00108_12.jpg,0.14245892018779344
train_test/April_2006_275_1003063190-i00020_15.jpg,0.14278169014084507
train_test/August_2001_236_1003063153-i00089_4.jpg,0.11003120287842821
train_test/November_1999_217_1003063134-i00122_20.jpg,0.14401019541206458
train_test/August_2002_245_1003063162-i00023_11.jpg,0.20717663692652724
train_test/November-December_2004_264_1003063180-i00103_4.jpg,0.3232180775203626
train_test/October_1997_199_1003063117-i00121_4.jpg,0.12319675278372004
train_test/April_1999_211_tcj211003_2.jpg,0.12853949329359166
train_test/October-November_2004_263_1003063179-i00045_13.jpg,0.10545605997501041
train_test/March_1992_149_1003063077-i00074_1.jpg,0.11118293471234647
train_test/November_2007_286_1003063200-i00060_4.jpg,0.1054713249835201
train_test/May_2006_276_1003063191-i00067_4.jpg,0.08217306441119063
train_test/April_2006_275_1003063190-i00020_29.jpg,0.13489463915274594
train_test/August_1983_83_1003063018-i00080_5.jpg,0.10080542871638762
train_test/March_1996_185_1003063105-i00028_9.jpg,0.3196289821289821
train_test/October_2005_271_1003063186-i00029_3.jpg,0.10116465863453815
train_test/Winter_1980_53_1003063003-i00053_3.jpg,0.12594857854796693
train_test/July_1997_197_1003063116-i00018_8.jpg,0.1035453438831406
train_test/May_1998_204_1003063121-i00095_5.jpg,0.13764693195298178
train_test/April_1999_211_tcj221048_5.jpg,0.135369101978691
train_test/August_1996_189_189-061_18.jpg,0.16600652376514446
train_test/April-May_2005_267_untitled-153_14.jpg,0.09841677364142062
train_test/October_2006_278_1003063193-i00101_9.jpg,0.07721983303819883
train_test/September_1991_144_1002942898-i00088_12.jpg,0.1806910569105691
train_test/May_1992_150_1003063078-i00139_3.jpg,0.15441747034696818
train_test/June_1991_142_1002942914-i00076_3.jpg,0.1421440567270013
train_test/November_1999_217_1003063134-i00114_21.jpg,0.12712639473202852
train_test/April_1999_211_tcj211018_1.jpg,0.14598429951690822
train_test/October_2002_247_1003063164-i00084_10.jpg,0.18059163059163058
train_test/July_1995_178_1003063099-i00011_13.jpg,0.09642227446370849
train_test/February_1991_140_1003063072-i00073_1.jpg,0.1375570776255708
train_test/October_1988_125_1003063059-i00061_0_19.jpg,0.17977110582639716
train_test/October-November_2004_263_1003063179-i00192_1.jpg,0.11126409651193286
train_test/January_1979_44_1003062999-i00046_12.jpg,0.1525187756142518
train_test/August_1996_189_189-085_3.jpg,0.17657786518862864
train_test/June_2001_234_1003063151-i00102_1.jpg,0.15322626411667897
train_test/October_2006_278_1003063193-i00021_9.jpg,0.10843583197957762
train_test/May_1992_150_1003063078-i00009_10.jpg,0.1744479328347679
train_test/December_1994_173_1003063095-i00064_6.jpg,0.1671532187678695
train_test/January_2008_287_1003063201-i00172_20.jpg,0.11443396226415094
train_test/June_1999_213_1003063130-i00087_22.jpg,0.41894949494949496
train_test/October_1997_199_1003063117-i00064_16.jpg,0.15140310959423586
train_test/December_1997_200_1003063118-i00084_12.jpg,0.1435884525008392
train_test/August_1992_152_1003063080-i00069_16.jpg,0.09510520487264673
train_test/November_2007_286_1003063200-i00107_6.jpg,0.08965428276573788
train_test/December_1997_200_1003063118-i00264_6.jpg,0.16639269406392693
train_test/August_1996_189_189-006_5.jpg,0.3094293207083014
train_test/June_2003_253_1002856570-i00014_2.jpg,0.10923251203625035
train_test/October_1979_50_1003063001-i0088_11.jpg,0.5077429808484075
train_test/October_1988_125_1003063059-i00061_0_31.jpg,0.16492303992303992
train_test/April_2006_275_1003063190-i00084_12.jpg,0.1416080468082309
train_test/July_2005_269_1002862992-i00169_18.jpg,0.1423160173160173
train_test/July_1992_151_1003063079-i00102_6.jpg,0.1915373474032692
train_test/October_1993_162_1003063088-i00005_6.jpg,0.1515807188363986
train_test/February_1992_148_1002796200-i00063_22.jpg,0.1467806213088779
train_test/August_1995_179_1003063100-i00098_3.jpg,0.16795532646048109
train_test/March_1992_149_1003063077-i00079_15.jpg,0.18100492023259282
train_test/February_2007_281_1002856641-i00045_11.jpg,0.2312064066132782
train_test/January_2008_287_1003063201-i00024_6.jpg,0.09807445442875481
train_test/October-November_2004_263_1003063179-i00008_3.jpg,0.14453357100415923
train_test/July_2005_269_1002862992-i00044_15.jpg,0.11578947368421053
train_test/January_2007_280_001-068-68_11.jpg,0.1401124648547329
train_test/July_2006_277_1003063192-i00251_6.jpg,0.09196729196729196
train_test/February_2006_274_1003063189-i00057_17.jpg,0.07707707707707707
train_test/February_1993_156_1003063083-i00024_3.jpg,0.2041015625
train_test/April_1999_211_tcj221063_10.jpg,0.5054533594259621
train_test/January_2000_219_1003063136-i00038_23.jpg,0.1355048460311618
train_test/March_2000_221_1003063138-i00074_1.jpg,0.22163588390501318
train_test/November_1994_172_1003063094-i00046_13.jpg,0.3318329267986019
train_test/October-November_2004_263_1003063179-i00072_1.jpg,0.12705498866213152
train_test/April_1988_121_1003063055-i00147_19.jpg,0.4434086905460951
train_test/June_1980_56_1003063006-i00035_15.jpg,0.15531788472964944
train_test/March_1998_202_1002798202-i00011_5.jpg,0.13899878271454655
train_test/February_1991_140_1003063072-i00091_6.jpg,0.17130442415730338
train_test/February_1994_166_1003063091-i00020_6.jpg,0.12840670859538783
train_test/July_1996_188_188077_10.jpg,0.15810712930707413
train_test/June_2003_253_1002856570-i00030_3.jpg,0.09477124183006536
train_test/April_1977_33_1003062993-i00025_21.jpg,0.05147426286856572
train_test/June_1978_40_1003062997-i00032_5.jpg,0.10972048393825615
train_test/June_1985_99_1002856824-i00086_10.jpg,0.07760305614783226
train_test/August_1988_124_1003063058-i0021_14.jpg,0.1616225184507123
train_test/June-July_2005_268_1003063184-i00158_14.jpg,0.30413959031322374
train_test/November_1980_60_1002857616-i0016_13.jpg,0.7509973236378327
train_test/February_1997_193_1003063112-i00003_9.jpg,0.1322003308768236
train_test/October_2006_278_1003063193-i00195_1.jpg,0.09434467971053337
train_test/June_1980_56_1003063006-i00075_4.jpg,0.13115549446106575
train_test/November-December_2004_264_1003063180-i00099_6.jpg,0.38679361179361177
train_test/December_2003_257_1003063173-i00116_14.jpg,0.12086201736007184
train_test/December_1990_139_1003063071-i00120_7.jpg,0.16100054208936732
train_test/February_1989_127_1003063061-i00044_2.jpg,0.1642732315173619
train_test/November_2000_228_1003063145-i00047_11.jpg,0.11602176172137661
train_test/June_2000_224_1003063141-i00058_9.jpg,0.11823992133726648
train_test/March_1982_71_1002798182-i0072_21.jpg,0.09748526936026936
train_test/July_2005_269_1002862992-i00044_8.jpg,0.13000313045033765
train_test/September_2003_255_1003063171-i00089_16.jpg,0.13168635875402793
train_test/September_1985_102_1003063036-i00075_5.jpg,0.5063734581530219
train_test/June_1998_205_205_097_5.jpg,0.13087087498288374
train_test/October_2008_292_1002796201-i00122_1.jpg,0.15621129718378116
train_test/January_2007_280_001-068-68_9.jpg,0.13557899784224406
train_test/August_1988_124_1003063058-i0021_28.jpg,0.17012288786482335
train_test/November_1982_77_1003063015-i00088_9.jpg,0.11483787593984962
train_test/October_2005_271_1003063186-i00198_16.jpg,0.10284970804772785
train_test/June-July_2005_268_1003063184-i00151_18.jpg,0.3605351217394957
train_test/May_1993_159_1003063086-i00012_1.jpg,0.11058228282308549
train_test/July_2006_277_1003063192-i00271_3.jpg,0.08878023674729799
train_test/December_1999_218_1003063135-i00029_12.jpg,0.10992503259452412
train_test/July_2008_291_1002798205-i00009_6.jpg,0.31039260586751627
train_test/May_2006_276_1003063191-i00163_5.jpg,0.11162600517922856
train_test/January_1998_201_1003063119-i00037_1.jpg,0.1808370870870871
train_test/October_2005_271_1003063186-i00086_16.jpg,0.10084388185654009
train_test/June_1993_160_1003063087-i00088_18.jpg,0.41431993032370446
train_test/February_2002_241_1003063158-i00047_9.jpg,0.12886420390941186
train_test/May_1993_159_1003063086-i00093_5.jpg,0.13146853146853146
train_test/November_2005_272_1003063187-i00177_14.jpg,0.12280701754385964
train_test/July_2007_284_1003063198-i00111_11.jpg,0.10941945789447412
train_test/December_1991_147_1003063076-i00054_10.jpg,0.15913142116350673
train_test/September_1994_171_1002942944-i00108_3.jpg,0.11791513881613411
train_test/April_2006_275_1003063190-i00096_12.jpg,0.10521435988725708
train_test/October_1993_162_1003063088-i00063_11.jpg,0.1479397755969696
train_test/April_1988_121_1003063055-i00121_2.jpg,0.1575130247182759
train_test/April-May_2005_267_untitled-056_24.jpg,0.06760080068630255
train_test/December_1991_147_1003063076-i00032_9.jpg,0.16430379746835444
train_test/July_2005_269_1002862992-i00010_0.jpg,0.4597069597069597
train_test/February-March_2005_266_1003063182-i00023_13.jpg,0.08870967741935484
train_test/July_1991_143_1003063074-i00087_4.jpg,0.26685338999420516
train_test/January_2007_280_001-200-200_5.jpg,0.10794581762323698
train_test/March_2003_251_091_3.jpg,0.2536010475774771
train_test/March_1993_157_1003063084-i00020_25.jpg,0.19660354508422329
train_test/January_1994_165_1002942952-i00046_12.jpg,0.3732814253647587
train_test/February_2004_258_1003063174-i00090_9.jpg,0.12523304403728705
train_test/April_2006_275_1003063190-i00084_7.jpg,0.14095278786584065
train_test/August_1992_152_1003063080-i00081_8.jpg,0.16424618283157358
train_test/June_1985_99_1002856824-i00086_3.jpg,0.15639837592548364
train_test/April_2004_259_1003063175-i00096_4.jpg,0.11880933107660607
train_test/March_1981_62_1003064919-i0031_12.jpg,0.1909539981475764
train_test/May_2007_283_1003063197-i00044_0.jpg,0.16194331983805668
train_test/January_2007_280_001-200-200_22.jpg,0.10725997102112407
train_test/April_1991_141_1003063073-i00042_7.jpg,0.14557876757324925
train_test/January_1989_126_1003063060-i00103_11.jpg,0.17146433041301626
train_test/February_2003_250_1003063167-i00124_8.jpg,0.13904404048610405
train_test/February_2004_258_1003063174-i00063_6.jpg,0.644825394041695
train_test/April_2008_289_1003063203-i00187_6.jpg,0.09060795663666477
train_test/July_2006_277_1003063192-i00271_11.jpg,0.09853592100783112
train_test/April_2006_275_1003063190-i00084_6.jpg,0.1399876697889943
train_test/Summer_1980_57_1002856823-i00012_25.jpg,0.40849985927385307
train_test/February_2004_258_1003063174-i00090_8.jpg,0.13309126119583636
train_test/March_1998_202_1002798202-i00025_19.jpg,0.598216286469771
train_test/July_1991_143_1003063074-i00087_5.jpg,0.23410975128306355
train_test/August_2005_270_1003063185-i00098_20.jpg,0.10986827898941913
train_test/April_1988_121_1003063055-i00147_24.jpg,0.42369007803790415
train_test/January_1994_165_1002942952-i00046_13.jpg,0.416364614269345
train_test/February_2008_288_1003063202-i00147_11.jpg,0.18024033728004848
train_test/January_2007_280_001-200-200_4.jpg,0.16723996723996723
train_test/June_1993_160_1003063087-i00088_25.jpg,0.1625945945945946
train_test/November_1999_217_1003063134-i00012_9.jpg,0.3392065722624581
train_test/February_2003_250_1003063167-i00029_18.jpg,0.0928806855636124
train_test/December_1991_147_1003063076-i00054_11.jpg,0.15153716906589165
train_test/March_1985_96_1003063031-i0033_5.jpg,0.14581738757070584
train_test/March_2003_251_091_2.jpg,0.3540808212246078
train_test/April_1999_211_tcj221088_4.jpg,0.22717965068905657
train_test/December_1991_147_1003063076-i00032_8.jpg,0.1595175438596491
train_test/November_2005_272_1003063187-i00177_15.jpg,0.10629164792935694
train_test/June_1993_160_1003063087-i00088_19.jpg,0.15584997439836148
train_test/October_1993_162_1003063088-i00063_10.jpg,0.23198257758419538
train_test/August-September_2004_262_1003063178-i00053_2.jpg,0.09361189232623543
train_test/April_2006_275_1003063190-i00096_13.jpg,0.10848155964224701
train_test/July_2007_284_1003063198-i00111_10.jpg,0.11838519191460369
train_test/October_2005_271_1003063186-i00086_17.jpg,0.11205838661758057
train_test/September_1994_171_1002942944-i00108_2.jpg,0.1448943213649096
train_test/August_2005_270_1003063185-i00100_4.jpg,0.3457718413350769
train_test/July_2004_261_1003063177-i00140_1.jpg,0.17192968122336152
train_test/August_1981_66_1003064917-i0022_7.jpg,0.149183199328557
train_test/December_2000_229_1003063146-i00085_8.jpg,0.09529295589203424
train_test/April_2000_222_1003063139-i00001_5.jpg,0.39126248314946765
train_test/April_1980_55_1003063005-i00035_4.jpg,0.5817979490646833
train_test/February_1999_210_1003063127-i00028_3.jpg,0.15353302611367128
train_test/April-May_2005_267_untitled-056_19.jpg,0.08048350324773089
train_test/October_1997_199_1003063117-i00007_17.jpg,0.1935262593783494
train_test/January_1994_165_1002942952-i00013_5.jpg,0.18373426573426574
train_test/August_1981_66_1003064917-i0022_6.jpg,0.16691804927099044
train_test/April_1996_186_1003063106-i00018_11.jpg,0.7476888888888888
train_test/Winter_1981_61_1003063008-i0128_1.jpg,0.1635900067879671
train_test/July_1996_188_188090_4.jpg,0.16792547834843907
train_test/January_1988_119_1003063053-i00117_7.jpg,0.14701986754966886
train_test/February_1999_210_1003063127-i00028_2.jpg,0.1439526987472193
train_test/December_2000_229_1003063146-i00085_9.jpg,0.09021027049873204
train_test/June_1998_205_205_097_4.jpg,0.11678347669109058
train_test/February_2007_281_1002856641-i00040_20.jpg,0.09562431842966194
train_test/September_2003_255_1003063171-i00089_17.jpg,0.11847988077496274
train_test/July_2005_269_1002862992-i00044_9.jpg,0.11873449131513647
train_test/October_2006_278_1003063193-i00021_8.jpg,0.12047311303499574
train_test/December_1999_218_1003063135-i00029_13.jpg,0.11286829844477984
train_test/October_2005_271_1003063186-i00198_17.jpg,0.10455445544554455
train_test/January_2007_280_001-068-68_8.jpg,0.1464876528410453
train_test/July_2006_277_1003063192-i00271_2.jpg,0.10019826517967782
train_test/February_2008_288_1003063202-i00128_2.jpg,0.3763083735909823
train_test/February_1989_127_1003063061-i00044_3.jpg,0.15035112203983075
train_test/January_1979_44_1003062999-i00012_3.jpg,0.15860166261298872
train_test/June_1980_56_1003063006-i00075_5.jpg,0.15376137616033994
train_test/December_1996_192_192-061_15.jpg,0.2650783699059561
train_test/July_2006_277_1003063192-i00172_13.jpg,0.10301616915422886
train_test/January_1993_155_1003063082-i00036_14.jpg,0.12494095418044403
train_test/September_1995_180_tcj180-71_6.jpg,0.15642421459959335
train_test/June_2000_224_1003063141-i00058_8.jpg,0.11440699126092385
train_test/September_1985_102_1003063036-i00075_4.jpg,0.472
train_test/April_2008_289_1003063203-i00207_3.jpg,0.07598784194528875
train_test/January-February_2005_265_1003063181-i00028_11.jpg,0.10977710233029382
train_test/February_1997_193_1003063112-i00003_8.jpg,0.13300376647834275
train_test/November_1980_60_1002857616-i0016_12.jpg,0.14930088892032728
train_test/June_1978_40_1003062997-i00032_4.jpg,0.12049837856289469
train_test/August_1978_41_1002875040-i0040_1.jpg,0.16052631578947368
train_test/January-February_2005_265_1003063181-i00021_21.jpg,0.11767680416094776
train_test/March_1998_202_1002798202-i00011_4.jpg,0.11688909341923608
train_test/June_1985_99_1002856824-i00086_11.jpg,0.07855928951263637
train_test/February_1991_140_1003063072-i00091_7.jpg,0.14218425305933965
train_test/July_1996_188_188077_11.jpg,0.14525352649637818
train_test/June_2003_253_1002856570-i00030_2.jpg,0.087061065239089
train_test/June_1998_205_205_056_10.jpg,0.09207252044081052
train_test/January_2007_280_001-200-200_23.jpg,0.12452956989247312
train_test/February_1994_166_1003063091-i00006_4.jpg,0.2227474435655026
train_test/April_2008_289_1003063203-i00187_7.jpg,0.13318839209755176
train_test/May_2007_283_1003063197-i00044_1.jpg,0.2596631458749643
train_test/August_1992_152_1003063080-i00081_9.jpg,0.1489971346704871
train_test/February_2006_274_1003063189-i00143_8.jpg,0.5913122823025698
train_test/January_1989_126_1003063060-i00133_4.jpg,0.09719394346545399
train_test/February_2003_250_1003063167-i00124_9.jpg,0.13026258680555555
train_test/February_2006_274_1003063189-i00057_16.jpg,0.07125220458553792
train_test/October-November_2004_263_1003063179-i00008_2.jpg,0.1240981240981241
train_test/July_2006_277_1003063192-i00251_7.jpg,0.08697729988052569
train_test/December_1999_218_1003063135-i00070_12.jpg,0.15015015015015015
train_test/January_2000_219_1003063136-i00038_22.jpg,0.11965653570546084
train_test/March_1992_149_1003063077-i00079_14.jpg,0.1646088225390055
train_test/February_1993_156_1003063083-i00024_2.jpg,0.20903205749501674
train_test/November_1985_103_1003063037-i00014_8.jpg,0.14532243415077203
train_test/January_2007_280_001-068-68_10.jpg,0.13849952214080918
train_test/August_1995_179_1003063100-i00098_2.jpg,0.16169544740973313
train_test/July_2005_269_1002862992-i00044_14.jpg,0.09427272348058233
train_test/January_2008_287_1003063201-i00024_7.jpg,0.10716134598792063
train_test/April_2006_275_1003063190-i00084_13.jpg,0.1287711552612215
train_test/March_2000_221_1003063138-i00015_1.jpg,0.11291515351601189
train_test/May_1993_159_1003063086-i00012_10.jpg,0.11993846153846154
train_test/January_2008_287_1003063201-i00172_21.jpg,0.11124213836477988
train_test/November_2008_293_1002796202-i00020_2.jpg,0.09921166146065745
train_test/March_1993_157_1003063084-i00043_18.jpg,0.15583501006036218
train_test/July_1981_64_1002798189-i0086_7.jpg,0.17331701346389228
train_test/August_1992_152_1003063080-i00069_17.jpg,0.14794411631076784
train_test/July_1992_151_1003063079-i00102_7.jpg,0.18369930904749845
train_test/October_1988_125_1003063059-i00061_0_30.jpg,0.15933412604042807
train_test/October_1993_162_1003063088-i00005_7.jpg,0.1241958664111689
train_test/November_2007_286_1003063200-i00107_7.jpg,0.08567854909318325
train_test/November_1982_77_1003063015-i00088_12.jpg,0.31146352395264837
train_test/June_1999_213_1003063130-i00087_23.jpg,0.2736611876988335
train_test/April_1996_186_1003063106-i00020_14.jpg,0.2908372365339578
train_test/October_1997_199_1003063117-i00064_17.jpg,0.15272268301478542
train_test/December_1997_200_1003063118-i00264_7.jpg,0.1481859989780276
train_test/December_1997_200_1003063118-i00084_13.jpg,0.15049019607843137
train_test/October_1988_125_1003063059-i00061_0_24.jpg,0.16255113968439508
train_test/December_1994_173_1003063095-i00064_7.jpg,0.14787732690504887
train_test/August_1985_101_1003063035-i00068_10.jpg,0.11762427997482937
train_test/December_1986_113_1003063047-i00070_11.jpg,0.126712543009071
train_test/May_1986_108_1003063042-i00056_22.jpg,0.1639520202020202
train_test/October_1983_85_1003063020-i00062_1.jpg,0.10464258763805996
train_test/January_1979_44_1003062999-i00046_13.jpg,0.1742519637824549
train_test/July_1995_178_1003063099-i00011_12.jpg,0.12041168726812672
train_test/October_1988_125_1003063059-i00061_0_18.jpg,0.14815270935960592
train_test/May_2006_276_1003063191-i00044_13.jpg,0.10093610093610093
train_test/July_1995_178_1003063099-i00013_6.jpg,0.1367420903124694
train_test/August_1996_189_189-085_2.jpg,0.16724706533520906
train_test/November_1998_208_1003063125-i00010_20.jpg,0.1474056603773585
train_test/September_1998_207_1003063124-i00090_1.jpg,0.13438807055828333
train_test/October_2006_278_1003063193-i00021_14.jpg,0.10926218411552346
train_test/May_2006_276_1003063191-i00067_5.jpg,0.08599801390268123
train_test/July_1997_197_1003063116-i00018_9.jpg,0.10545808966861599
train_test/September_1991_144_1002942898-i00088_13.jpg,0.16423451466430591
train_test/Winter_1980_53_1003063003-i00053_2.jpg,0.1466755319148936
train_test/November_2005_272_1003063187-i00027_24.jpg,0.07714561234329798
train_test/November_1999_217_1003063134-i00122_21.jpg,0.14303920378686732
train_test/July_2006_277_1003063192-i00176_4.jpg,0.10500867840317382
train_test/March_1996_185_1003063105-i00028_8.jpg,0.1820933383298262
train_test/July_1979_47_1002856634-i00047_1.jpg,0.13292181069958847
train_test/October_2005_271_1003063186-i00029_2.jpg,0.11217097319488047
train_test/October-November_2004_263_1003063179-i00045_12.jpg,0.09007741027445461
train_test/July_1992_151_1003063079-i00102_12.jpg,0.1740955258960799
train_test/April_2006_275_1003063190-i00020_28.jpg,0.1344380005523336
train_test/August_1983_83_1003063018-i00080_4.jpg,0.09562449285313027
train_test/November_2007_286_1003063200-i00060_5.jpg,0.2043405746616843
train_test/April_1999_211_tcj211003_3.jpg,0.14427091387041904
train_test/October_1997_199_1003063117-i00121_5.jpg,0.23506019502097292
train_test/August_2001_236_1003063153-i00089_5.jpg,0.10251878038002651
train_test/April_1986_107_1003063041-i0074_0_6.jpg,0.12520261195757884
train_test/September_1994_171_1002942944-i00108_13.jpg,0.15457940251572327
train_test/August_2002_245_1003063162-i00023_10.jpg,0.2193183377489735
train_test/February_2003_250_1003063167-i00133_7.jpg,0.13875431430290364
train_test/May_1985_98_1003063033-i00071_3.jpg,0.32197628458498023
train_test/May_1986_108_1003063042-i00056_3.jpg,0.12725770718335774
train_test/June_2000_224_1003063141-i00015_1.jpg,0.5514554224883567
train_test/September_1987_117_1003063051-i00110_11.jpg,0.1349231143045576
train_test/August_2009_299_1003063205-i00088_11.jpg,0.12234105065225055
train_test/January_2006_273_1003063188-i00083_11.jpg,0.10728982951205174
train_test/July_1997_197_1003063116-i00090_22.jpg,0.28168227121715494
train_test/October_2006_278_1003063193-i00195_16.jpg,0.11090194109772424
train_test/July_1995_178_1003063099-i00117_7.jpg,0.10174682395644283
train_test/October-November_2004_263_1003063179-i00192_10.jpg,0.11246612466124661
train_test/November_2000_228_1003063145-i00047_2.jpg,0.26238244514106585
train_test/November_1999_217_1003063134-i00040_7.jpg,0.16292435973793926
train_test/October_1988_125_1003063059-i00036_0_1.jpg,0.2638423974289411
train_test/October_2005_271_1003063186-i00071_7.jpg,0.09101203113941968
train_test/January_2008_287_1003063201-i00186_17.jpg,0.10092722300046694
train_test/April_1985_97_1003063032-i00094_4.jpg,0.35007348618459727
train_test/July_2004_261_1003063177-i00075_21.jpg,0.1532884854026517
train_test/August_1979_48_1002869344-i00096_14.jpg,0.13451769565702804
train_test/September_1985_102_1003063036-i00075_12.jpg,0.29326616872213535
train_test/November_1998_208_1003063125-i00010_7.jpg,0.13695510735198438
train_test/Summer_1980_57_1002856823-i00006_3.jpg,0.11494880546075086
train_test/March_1993_157_1003063084-i00056_13.jpg,0.16235103263243278
train_test/March_1993_157_1003063084-i00056_11.jpg,0.1551733942047587
train_test/December_1999_218_1003063135-i00146_13.jpg,0.1845841784989858
train_test/December_1999_218_1003063135-i00146_11.jpg,0.13751696773519892
train_test/Summer_1980_57_1002856823-i00006_1.jpg,0.12476996687523004
train_test/April_1985_97_1003063032-i00094_6.jpg,0.24885035447403717
train_test/January-February_2005_265_1003063181-i00141_6.jpg,0.09170403587443947
train_test/February_1985_95_1003063030-i0050_2.jpg,0.08740132774052911
train_test/September_1985_102_1003063036-i00075_10.jpg,0.3198335806348375
train_test/August_2000_226_1003063143-i00006_4.jpg,0.08240420663128682
train_test/July_2007_284_1003063198-i00135_11.jpg,0.12417994376757263
train_test/November_2002_248_1003063165-i00075_11.jpg,0.1370279593318809
train_test/September_1995_180_tcj180-68_7.jpg,0.17859848484848484
train_test/November_2009_300_1003063206-i00108_13.jpg,0.29830342661483406
train_test/December_1990_139_1003063071-i00139_7.jpg,0.39257721159062425
train_test/September_2002_246_1003063163-i00114_8.jpg,0.41080901856763924
train_test/November_2005_272_1003063187-i00027_18.jpg,0.08631713554987212
train_test/June_2001_234_1003063151-i00041_3.jpg,0.10782771535580524
train_test/October_1978_42_1003062998-i00005_4.jpg,0.14008955223880598
train_test/March_1982_71_1002798182-i0072_9.jpg,0.18127356514453288
train_test/April_1999_211_tcj211019_16.jpg,0.1893744903198526
train_test/February_1999_210_1003063127-i00028_20.jpg,0.14147435897435898
train_test/October_2008_292_1002796201-i00037_9.jpg,0.15394380340665795
train_test/November_1999_217_1003063134-i00114_20.jpg,0.12714122573277503
train_test/January-February_2005_265_1003063181-i00098_2.jpg,0.10720954356846472
train_test/June_1991_142_1002942914-i00076_2.jpg,0.14425770308123248
train_test/Winter_1980_53_1003063003-i00030_1.jpg,0.17402158854767952
train_test/July_1999_214_1003063131-i00025_15.jpg,0.1136723163841808
train_test/December_1981_69_1003063010-i00058_9.jpg,0.19704512004199828
train_test/January_2007_280_001-197-197_16.jpg,0.3364942304693591
train_test/July_2006_277_1003063192-i00176_6.jpg,0.08555811277330265
train_test/July_1979_47_1002856634-i00047_3.jpg,0.15460927960927962
train_test/October_1997_199_1003063117-i00016_9.jpg,0.12137994692511826
train_test/November-December_2004_264_1003063180-i00103_7.jpg,0.4299274236998067
train_test/May_1998_204_1003063121-i00009_7.jpg,0.10157257025006446
train_test/February_2008_288_1003063202-i00128_13.jpg,0.3824947615561334
train_test/August_2002_245_1003063162-i00023_12.jpg,0.18375286861732645
train_test/August_2005_270_1003063185-i00098_6.jpg,0.1083642177167357
train_test/May_1985_98_1003063033-i00071_1.jpg,0.5505140892023722
train_test/May_1985_98_1003063033-i00034_1.jpg,0.0957110746613207
train_test/May_1992_150_1003063078-i00139_0.jpg,0.13486462009306394
train_test/October_2006_278_1003063193-i00021_16.jpg,0.11281095605443356
train_test/April_1999_211_tcj221048_6.jpg,0.14578226387887527
train_test/May_1998_204_1003063121-i00095_6.jpg,0.13103816914792524
train_test/April_1999_211_tcj211019_14.jpg,0.20384151475842607
train_test/March_2003_251_021_9.jpg,0.12626984126984128
train_test/August_1998_206_1003063123-i00068_7.jpg,0.26552357624004896
train_test/February_1999_210_1003063127-i00028_22.jpg,0.1419620253164557
train_test/May_2006_276_1003063191-i00067_7.jpg,0.0856162144491664
train_test/June_2001_234_1003063151-i00041_1.jpg,0.09497921330348577
train_test/November_1999_217_1003063134-i00114_22.jpg,0.13909955459251233
train_test/January_2007_280_001-197-197_14.jpg,0.3540403130567065
train_test/July_1999_214_1003063131-i00025_17.jpg,0.10612794612794613
train_test/August_1992_152_1003063080-i00069_7.jpg,0.14983073798239674
train_test/November_2006_279_1003063194-i00073_9.jpg,0.40165650406504066
train_test/July_2007_284_1003063198-i00135_13.jpg,0.11927899686520377
train_test/February_2006_274_1003063189-i00072_2.jpg,0.09513197297861968
train_test/May_1986_108_1003063042-i00044_20.jpg,0.1575205867215646
train_test/February_1992_148_1002796200-i00085_17.jpg,0.14511603215531624
train_test/January-February_2005_265_1003063181-i00050_9.jpg,0.0910189000994742
train_test/January-February_2005_265_1003063181-i00141_4.jpg,0.09696390502095126
train_test/April_1995_176_1002942927-i00114_10.jpg,0.19706813803911327
train_test/February_1992_148_1002796200-i00028_1.jpg,0.15132068452380953
train_test/September_1995_180_tcj180-68_5.jpg,0.1732235327963176
train_test/December_1990_139_1003063071-i00139_5.jpg,0.4313260730301089
train_test/July_1979_47_1002856634-i00035_8.jpg,0.1398553037557187
train_test/April_1999_211_tcj211031_15.jpg,0.1513820718160682
train_test/November_2009_300_1003063206-i00108_8.jpg,0.37840029294831556
train_test/October_1999_216_1003063133-i00095_4.jpg,0.12844155844155844
train_test/January_2007_280_001-068-68_12.jpg,0.14106247535350122
train_test/January_2008_287_1003063201-i00024_5.jpg,0.11143330571665286
train_test/April_1995_176_1002942927-i00072_9.jpg,0.2034807994610375
train_test/February_1992_148_1002796200-i00063_21.jpg,0.13658106162634095
train_test/June_2000_224_1003063141-i00058_14.jpg,0.11948790896159317
train_test/April_2006_275_1003063190-i00084_11.jpg,0.132062693498452
train_test/March_1992_149_1003063077-i00079_16.jpg,0.1648444070647603
train_test/October_1988_125_1003063059-i00036_0_3.jpg,0.3449577861163227
train_test/September_1987_117_1003063051-i00119_4.jpg,0.0701845444059977
train_test/November_1999_217_1003063134-i00114_8.jpg,0.1445807461254985
train_test/October_2005_271_1003063186-i00071_5.jpg,0.09076655052264808
train_test/March_1993_157_1003063084-i00043_2.jpg,0.16058135412974123
train_test/February_2009_296_1003063204-i00066_2.jpg,0.12137345679012346
train_test/December_1999_218_1003063135-i00070_10.jpg,0.13912083979482284
train_test/November_1999_217_1003063134-i00040_5.jpg,0.1640456182472989
train_test/November_2006_279_1003063194-i00027_1.jpg,0.11454545454545455
train_test/May-June_2004_260_1003063176-i00015_9.jpg,0.1014073645652593
train_test/October_1999_216_1003063133-i00075_1.jpg,0.11812244897959184
train_test/January_2000_219_1003063136-i00038_20.jpg,0.13641025641025642
train_test/February_2006_274_1003063189-i00057_14.jpg,0.07459389213775179
train_test/May_1993_159_1003063086-i00105_9.jpg,0.12279044447290893
train_test/July_2006_277_1003063192-i00251_5.jpg,0.07024893746205221
train_test/April_2006_275_1003063190-i00020_16.jpg,0.12884122919334187
train_test/September_1994_171_1002942944-i00108_11.jpg,0.1196256038647343
train_test/May_1986_108_1003063042-i00056_1.jpg,0.10920951111734586
train_test/May_1999_212_1003063129-i00004_9.jpg,0.13232936604323536
train_test/November_2000_228_1003063145-i00047_0.jpg,0.21188130424583626
train_test/July_1995_178_1003063099-i00117_5.jpg,0.1308171129335046
train_test/July_1982_73_1003063012-i00032_14.jpg,0.15092176525623624
train_test/January_2006_273_1003063188-i00083_13.jpg,0.11311933680354733
train_test/June_1997_196_1003063115-i00097_2.jpg,0.11672071266167207
train_test/September_1987_117_1003063051-i00110_13.jpg,0.13066666666666665
train_test/March_1992_149_1003063077-i00074_2.jpg,0.16871512592369176
train_test/December_1997_200_1003063118-i00264_15.jpg,0.15679463618555245
train_test/January_1989_126_1003063060-i00137_2.jpg,0.32259867213825777
train_test/July_1992_151_1003063079-i00102_10.jpg,0.16453529000698813
train_test/October-November_2004_263_1003063179-i00045_10.jpg,0.10548909218859957
train_test/November_2007_286_1003063200-i00060_7.jpg,0.1426037252389869
train_test/June_2001_234_1003063151-i00102_2.jpg,0.1347764792415822
train_test/January_1979_44_1003062999-i00046_11.jpg,0.17016512734396866
train_test/May-June_2004_260_1003063176-i00015_10.jpg,0.09887398785425101
train_test/April_1999_211_tcj211018_2.jpg,0.15860446174035026
train_test/November_1998_208_1003063125-i00010_22.jpg,0.17585236676597155
train_test/May_1993_159_1003063086-i00012_2.jpg,0.11307854137447405
train_test/Spring_1981_63_1003063009-i00160_5.jpg,0.16254570242300304
train_test/February_1997_193_1003063112-i00037_24.jpg,0.10188311688311688
train_test/February_2007_281_1002856641-i00040_22.jpg,0.09328263624841572
train_test/July_2004_261_1003063177-i00014_18.jpg,0.15211521152115212
train_test/October_2005_271_1003063186-i00198_15.jpg,0.10771068457039294
train_test/December_1999_218_1003063135-i00029_11.jpg,0.13387030021330107
train_test/September_2003_255_1003063171-i00089_15.jpg,0.12446958981612447
train_test/November_2001_239_1003063156-i00118_14.jpg,0.16113997555012224
train_test/December_2008_294_1002798204-i00081_12.jpg,0.2047179487179487
train_test/January_1994_165_1002942952-i00049_0.jpg,0.21950854380974785
train_test/December_1994_173_1003063095-i00064_5.jpg,0.16887626262626262
train_test/October_1983_85_1003063020-i00062_3.jpg,0.10676726108824874
train_test/May_2006_276_1003063191-i00044_11.jpg,0.11206307816477308
train_test/May_1986_108_1003063042-i00056_20.jpg,0.1379302536231884
train_test/May_1989_129_1002942958-i00074_4.jpg,0.22647102415888543
train_test/July_1995_178_1003063099-i00013_4.jpg,0.14323304110464902
train_test/October_1993_162_1003063088-i00005_5.jpg,0.1459563834620627
train_test/March_2000_221_1003063138-i00015_3.jpg,0.13213224543696647
train_test/October_1979_50_1003063001-i0088_12.jpg,0.5744872892395876
train_test/July_1992_151_1003063079-i00102_5.jpg,0.19422538246067658
train_test/July_1981_64_1002798189-i0086_5.jpg,0.1401291860027593
train_test/October_1993_162_1003063088-i00114_8.jpg,0.19595532867844082
train_test/January_2008_287_1003063201-i00172_23.jpg,0.10834665813879117
train_test/June_2003_253_1002856570-i00014_1.jpg,0.14842372204986934
train_test/November_1982_77_1003063015-i00088_10.jpg,0.2954652709253936
train_test/October_1997_199_1003063117-i00064_15.jpg,0.15571428571428572
train_test/February_1987_114_1003063048-i00001_8.jpg,0.22413550497766208
train_test/June_1999_213_1003063130-i00087_21.jpg,0.10785945851222291
train_test/October-November_2004_263_1003063179-i00045_9.jpg,0.09828136256046105
train_test/December_1997_200_1003063118-i00084_11.jpg,0.12672267516450772
train_test/August_1992_152_1003063080-i00069_15.jpg,0.10855034722222222
train_test/November_2007_286_1003063200-i00107_5.jpg,0.08294930875576037
train_test/December_1997_200_1003063118-i00264_5.jpg,0.1633145009416196
train_test/October_1988_125_1003063059-i00061_0_26.jpg,0.1626461447387894
train_test/June-July_2005_268_1003063184-i00078_9.jpg,0.13073217153393207
train_test/July_2005_269_1002862992-i00044_16.jpg,0.13171976107516178
train_test/April_1991_141_1003063073-i00042_4.jpg,0.11687778559699742
train_test/April_1998_203_1003063120-i00081_9.jpg,0.19277205005660925
train_test/April_1991_141_1003063073-i00007_4.jpg,0.16310904329935472
train_test/December_2008_294_1002798204-i00113_14.jpg,0.38341102172768965
train_test/February_1991_140_1003063072-i00091_5.jpg,0.1769365148687815
train_test/November_1995_182_1002793376-i00028_10.jpg,0.0962908108814497
train_test/February_2006_274_1003063189-i00120_9.jpg,0.11603942652329749
train_test/April_2006_275_1003063190-i00084_4.jpg,0.12708293430377324
train_test/Summer_1980_57_1002856823-i00012_27.jpg,0.6025420875420875
train_test/July_2006_277_1003063192-i00271_13.jpg,0.10209939314416927
train_test/June_1985_99_1002856824-i00086_13.jpg,0.472230638980483
train_test/August_1982_74_1002798187-i00099_13.jpg,0.13458047599838643
train_test/July_1996_188_188077_13.jpg,0.15242805755395683
train_test/March_1998_202_1002798202-i00011_6.jpg,0.12138421929426019
train_test/November_1994_172_1003063094-i00046_5.jpg,0.1479457003251136
train_test/April_2008_289_1003063203-i00187_5.jpg,0.1663510101010101
train_test/November_1994_172_1003063094-i00046_10.jpg,0.14844743733632623
train_test/July_1991_143_1003063074-i00089_8.jpg,0.145927138763815
train_test/November_2002_248_1003063165-i00075_2.jpg,0.3007456503728252
train_test/January_2007_280_001-200-200_21.jpg,0.115010395010395
train_test/July_2006_277_1003063192-i00172_2.jpg,0.10342518178339073
train_test/September_1995_180_tcj180-71_4.jpg,0.15742883379247016
train_test/November_2000_228_1003063145-i00047_12.jpg,0.12902777777777777
train_test/May_2008_290_1002798206-i00090_10.jpg,0.09564111074233875
train_test/January_1993_155_1003063082-i00036_16.jpg,0.17406143344709898
train_test/July_2006_277_1003063192-i00172_11.jpg,0.10435185185185185
train_test/September_1985_102_1003063036-i00075_6.jpg,0.10949213388237779
train_test/May_1992_150_1003063078-i00069_9.jpg,0.43764418811002664
train_test/February_1989_127_1003063061-i00044_1.jpg,0.14064532916991934
train_test/December_2003_257_1003063173-i00116_17.jpg,0.10990721340915893
train_test/February_2006_274_1003063189-i00008_0.jpg,0.09515881147540983
train_test/April_1977_33_1003062993-i00025_22.jpg,0.06758454106280193
train_test/April-May_2005_267_untitled-027_1.jpg,0.1943375047010424
train_test/June_1978_40_1003062997-i00032_6.jpg,0.12041746132655223
train_test/July_2001_235_1003063152-i00137_9.jpg,0.10438564697354114
train_test/June-July_2005_268_1003063184-i00158_17.jpg,0.41607756504663723
train_test/August_2002_245_1003063162-i00124_8.jpg,0.1520674876763844
train_test/June_1980_56_1003063006-i00058_13.jpg,0.1438507885876307
train_test/April_2000_222_1003063139-i00001_7.jpg,0.30949314965935465
train_test/October_2005_271_1003063186-i00086_15.jpg,0.10149461244351755
train_test/October_2005_271_1003063186-i00086_14.jpg,0.10350981558596074
train_test/January-February_2005_265_1003063181-i00028_9.jpg,0.09249606608969316
train_test/October_1993_162_1003063088-i00063_12.jpg,0.16393570536828964
train_test/November_2005_272_1003063187-i00177_17.jpg,0.1215999557717824
train_test/May_1993_159_1003063086-i00093_6.jpg,0.13853305785123968
train_test/July_2008_291_1002798205-i00009_5.jpg,0.1549872249646516
train_test/February_1999_210_1003063127-i00028_1.jpg,0.1487820934825543
train_test/October_1997_199_1003063117-i00007_15.jpg,0.095443673064582
train_test/January_1979_44_1003062999-i00046_9.jpg,0.15055172413793103
train_test/May_2006_276_1003063191-i00163_6.jpg,0.1075438596491228
train_test/July_2004_261_1003063177-i00140_3.jpg,0.1107131093544137
train_test/August_1981_66_1003064917-i0022_5.jpg,0.149092515258593
train_test/April_1996_186_1003063106-i00018_12.jpg,0.668498797664033
train_test/July_1996_188_188090_7.jpg,0.15995779582736105
train_test/November_2009_300_1003063206-i00210_9.jpg,0.11193940839694656
train_test/March_1979_45_1003063000-i00045_8.jpg,0.15728228228228228
train_test/January_2007_280_001-200-200_6.jpg,0.11694343704269262
train_test/July_2005_269_1002862992-i00010_3.jpg,0.16536475007470014
train_test/June_1993_160_1003063087-i00088_27.jpg,0.16890955867801305
train_test/December_2003_257_1003063173-i00119_9.jpg,0.10250079138968028
train_test/February-March_2005_266_1003063182-i00023_10.jpg,0.0841982820329277
train_test/February_2008_288_1003063202-i00147_13.jpg,0.2835418624202562
train_test/July_1991_143_1003063074-i00087_7.jpg,0.3067224988682662
train_test/August-September_2004_262_1003063178-i00095_6.jpg,0.10004257130693912
train_test/November_1989_132_1003063065-i00109_3.jpg,0.6099806201550387
train_test/August_1984_92_1003063027-i00070_8.jpg,0.45380586592178773
train_test/April_2004_259_1003063175-i00096_7.jpg,0.12892904197252023
train_test/December_1991_147_1003063076-i00054_13.jpg,0.15204119772415797
train_test/January_1989_126_1003063060-i00133_6.jpg,0.16614682388740967
train_test/March_1981_62_1003064919-i0031_11.jpg,0.21320197044334976
train_test/January_1989_126_1003063060-i00103_12.jpg,0.2944954722910693
